2025-03-08 14:46:51,065 [Worker-154: Building] INFO  o.a.m.s.f.DefaultMavenResourcesFiltering - Copying 1 resource from src\main\resources to target\classes
2025-03-08 14:46:51,071 [Worker-154: Building] INFO  o.a.m.s.f.DefaultMavenResourcesFiltering - Copying 0 resource from src\main\resources to target\classes
2025-03-08 14:46:51,072 [Worker-154: Building] INFO  o.a.m.s.f.DefaultMavenResourcesFiltering - skip non existing resourceDirectory F:\JAVA-J2EE\Day27-Docker-WebClientCustomer\src\test\resources
2025-03-08 14:47:01,171 [Worker-161: Building] INFO  o.a.m.s.f.DefaultMavenResourcesFiltering - Copying 1 resource from src\main\resources to target\classes
2025-03-08 14:47:01,175 [Worker-161: Building] INFO  o.a.m.s.f.DefaultMavenResourcesFiltering - Copying 0 resource from src\main\resources to target\classes
2025-03-08 14:47:01,177 [Worker-161: Building] INFO  o.a.m.s.f.DefaultMavenResourcesFiltering - skip non existing resourceDirectory F:\JAVA-J2EE\Day27-Docker-WebClientBank\src\test\resources
2025-03-08 14:47:10,773 [Worker-154: Building] INFO  o.a.m.s.f.DefaultMavenResourcesFiltering - Copying 1 resource from src\main\resources to target\classes
2025-03-08 14:47:10,777 [Worker-154: Building] INFO  o.a.m.s.f.DefaultMavenResourcesFiltering - Copying 0 resource from src\main\resources to target\classes
2025-03-08 14:47:10,778 [Worker-154: Building] INFO  o.a.m.s.f.DefaultMavenResourcesFiltering - skip non existing resourceDirectory F:\JAVA-J2EE\Day27-Docker-WebClientVendor\src\test\resources
2025-03-08 15:05:25,239 [Worker-171: Launching Day27-Docker-APIGateaway] INFO  o.eclipse.m2e.core.internal.Bundles - getClasspathEntries(Bundle=org.eclipse.m2e.maven.runtime_3.9.900.20240824-1409 [638])
2025-03-08 15:05:25,239 [Worker-171: Launching Day27-Docker-APIGateaway] INFO  o.eclipse.m2e.core.internal.Bundles - 	Entry: C:\Users\PREDATOR\.p2\pool\plugins\org.eclipse.m2e.maven.runtime_3.9.900.20240824-1409
2025-03-08 15:05:25,239 [Worker-171: Launching Day27-Docker-APIGateaway] INFO  o.eclipse.m2e.core.internal.Bundles - 	Entry: C:\Users\PREDATOR\.p2\pool\plugins\org.eclipse.m2e.maven.runtime_3.9.900.20240824-1409\jars\aopalliance-1.0.jar
2025-03-08 15:05:25,239 [Worker-171: Launching Day27-Docker-APIGateaway] INFO  o.eclipse.m2e.core.internal.Bundles - 	Entry: C:\Users\PREDATOR\.p2\pool\plugins\org.eclipse.m2e.maven.runtime_3.9.900.20240824-1409\jars\guice-5.1.0.jar
2025-03-08 15:05:25,239 [Worker-171: Launching Day27-Docker-APIGateaway] INFO  o.eclipse.m2e.core.internal.Bundles - 	Entry: C:\Users\PREDATOR\.p2\pool\plugins\org.eclipse.m2e.maven.runtime_3.9.900.20240824-1409\jars\httpclient-4.5.14.jar
2025-03-08 15:05:25,240 [Worker-171: Launching Day27-Docker-APIGateaway] INFO  o.eclipse.m2e.core.internal.Bundles - 	Entry: C:\Users\PREDATOR\.p2\pool\plugins\org.eclipse.m2e.maven.runtime_3.9.900.20240824-1409\jars\httpcore-4.4.16.jar
2025-03-08 15:05:25,240 [Worker-171: Launching Day27-Docker-APIGateaway] INFO  o.eclipse.m2e.core.internal.Bundles - 	Entry: C:\Users\PREDATOR\.p2\pool\plugins\org.eclipse.m2e.maven.runtime_3.9.900.20240824-1409\jars\jansi-2.4.1.jar
2025-03-08 15:05:25,240 [Worker-171: Launching Day27-Docker-APIGateaway] INFO  o.eclipse.m2e.core.internal.Bundles - 	Entry: C:\Users\PREDATOR\.p2\pool\plugins\org.eclipse.m2e.maven.runtime_3.9.900.20240824-1409\jars\jcl-over-slf4j-1.7.36.jar
2025-03-08 15:05:25,240 [Worker-171: Launching Day27-Docker-APIGateaway] INFO  o.eclipse.m2e.core.internal.Bundles - 	Entry: C:\Users\PREDATOR\.p2\pool\plugins\org.eclipse.m2e.maven.runtime_3.9.900.20240824-1409\jars\maven-artifact-3.9.9.jar
2025-03-08 15:05:25,240 [Worker-171: Launching Day27-Docker-APIGateaway] INFO  o.eclipse.m2e.core.internal.Bundles - 	Entry: C:\Users\PREDATOR\.p2\pool\plugins\org.eclipse.m2e.maven.runtime_3.9.900.20240824-1409\jars\maven-builder-support-3.9.9.jar
2025-03-08 15:05:25,240 [Worker-171: Launching Day27-Docker-APIGateaway] INFO  o.eclipse.m2e.core.internal.Bundles - 	Entry: C:\Users\PREDATOR\.p2\pool\plugins\org.eclipse.m2e.maven.runtime_3.9.900.20240824-1409\jars\maven-compat-3.9.9.jar
2025-03-08 15:05:25,240 [Worker-171: Launching Day27-Docker-APIGateaway] INFO  o.eclipse.m2e.core.internal.Bundles - 	Entry: C:\Users\PREDATOR\.p2\pool\plugins\org.eclipse.m2e.maven.runtime_3.9.900.20240824-1409\jars\maven-core-3.9.9.jar
2025-03-08 15:05:25,240 [Worker-171: Launching Day27-Docker-APIGateaway] INFO  o.eclipse.m2e.core.internal.Bundles - 	Entry: C:\Users\PREDATOR\.p2\pool\plugins\org.eclipse.m2e.maven.runtime_3.9.900.20240824-1409\jars\maven-embedder-3.9.9.jar
2025-03-08 15:05:25,240 [Worker-171: Launching Day27-Docker-APIGateaway] INFO  o.eclipse.m2e.core.internal.Bundles - 	Entry: C:\Users\PREDATOR\.p2\pool\plugins\org.eclipse.m2e.maven.runtime_3.9.900.20240824-1409\jars\maven-model-3.9.9.jar
2025-03-08 15:05:25,240 [Worker-171: Launching Day27-Docker-APIGateaway] INFO  o.eclipse.m2e.core.internal.Bundles - 	Entry: C:\Users\PREDATOR\.p2\pool\plugins\org.eclipse.m2e.maven.runtime_3.9.900.20240824-1409\jars\maven-model-builder-3.9.9.jar
2025-03-08 15:05:25,241 [Worker-171: Launching Day27-Docker-APIGateaway] INFO  o.eclipse.m2e.core.internal.Bundles - 	Entry: C:\Users\PREDATOR\.p2\pool\plugins\org.eclipse.m2e.maven.runtime_3.9.900.20240824-1409\jars\maven-plugin-api-3.9.9.jar
2025-03-08 15:05:25,241 [Worker-171: Launching Day27-Docker-APIGateaway] INFO  o.eclipse.m2e.core.internal.Bundles - 	Entry: C:\Users\PREDATOR\.p2\pool\plugins\org.eclipse.m2e.maven.runtime_3.9.900.20240824-1409\jars\maven-repository-metadata-3.9.9.jar
2025-03-08 15:05:25,241 [Worker-171: Launching Day27-Docker-APIGateaway] INFO  o.eclipse.m2e.core.internal.Bundles - 	Entry: C:\Users\PREDATOR\.p2\pool\plugins\org.eclipse.m2e.maven.runtime_3.9.900.20240824-1409\jars\maven-resolver-api-1.9.22.jar
2025-03-08 15:05:25,241 [Worker-171: Launching Day27-Docker-APIGateaway] INFO  o.eclipse.m2e.core.internal.Bundles - 	Entry: C:\Users\PREDATOR\.p2\pool\plugins\org.eclipse.m2e.maven.runtime_3.9.900.20240824-1409\jars\maven-resolver-connector-basic-1.9.22.jar
2025-03-08 15:05:25,241 [Worker-171: Launching Day27-Docker-APIGateaway] INFO  o.eclipse.m2e.core.internal.Bundles - 	Entry: C:\Users\PREDATOR\.p2\pool\plugins\org.eclipse.m2e.maven.runtime_3.9.900.20240824-1409\jars\maven-resolver-impl-1.9.22.jar
2025-03-08 15:05:25,241 [Worker-171: Launching Day27-Docker-APIGateaway] INFO  o.eclipse.m2e.core.internal.Bundles - 	Entry: C:\Users\PREDATOR\.p2\pool\plugins\org.eclipse.m2e.maven.runtime_3.9.900.20240824-1409\jars\maven-resolver-named-locks-1.9.22.jar
2025-03-08 15:05:25,241 [Worker-171: Launching Day27-Docker-APIGateaway] INFO  o.eclipse.m2e.core.internal.Bundles - 	Entry: C:\Users\PREDATOR\.p2\pool\plugins\org.eclipse.m2e.maven.runtime_3.9.900.20240824-1409\jars\maven-resolver-provider-3.9.9.jar
2025-03-08 15:05:25,241 [Worker-171: Launching Day27-Docker-APIGateaway] INFO  o.eclipse.m2e.core.internal.Bundles - 	Entry: C:\Users\PREDATOR\.p2\pool\plugins\org.eclipse.m2e.maven.runtime_3.9.900.20240824-1409\jars\maven-resolver-spi-1.9.22.jar
2025-03-08 15:05:25,241 [Worker-171: Launching Day27-Docker-APIGateaway] INFO  o.eclipse.m2e.core.internal.Bundles - 	Entry: C:\Users\PREDATOR\.p2\pool\plugins\org.eclipse.m2e.maven.runtime_3.9.900.20240824-1409\jars\maven-resolver-transport-file-1.9.22.jar
2025-03-08 15:05:25,241 [Worker-171: Launching Day27-Docker-APIGateaway] INFO  o.eclipse.m2e.core.internal.Bundles - 	Entry: C:\Users\PREDATOR\.p2\pool\plugins\org.eclipse.m2e.maven.runtime_3.9.900.20240824-1409\jars\maven-resolver-transport-http-1.9.22.jar
2025-03-08 15:05:25,242 [Worker-171: Launching Day27-Docker-APIGateaway] INFO  o.eclipse.m2e.core.internal.Bundles - 	Entry: C:\Users\PREDATOR\.p2\pool\plugins\org.eclipse.m2e.maven.runtime_3.9.900.20240824-1409\jars\maven-resolver-transport-wagon-1.9.22.jar
2025-03-08 15:05:25,242 [Worker-171: Launching Day27-Docker-APIGateaway] INFO  o.eclipse.m2e.core.internal.Bundles - 	Entry: C:\Users\PREDATOR\.p2\pool\plugins\org.eclipse.m2e.maven.runtime_3.9.900.20240824-1409\jars\maven-resolver-util-1.9.22.jar
2025-03-08 15:05:25,242 [Worker-171: Launching Day27-Docker-APIGateaway] INFO  o.eclipse.m2e.core.internal.Bundles - 	Entry: C:\Users\PREDATOR\.p2\pool\plugins\org.eclipse.m2e.maven.runtime_3.9.900.20240824-1409\jars\maven-settings-3.9.9.jar
2025-03-08 15:05:25,242 [Worker-171: Launching Day27-Docker-APIGateaway] INFO  o.eclipse.m2e.core.internal.Bundles - 	Entry: C:\Users\PREDATOR\.p2\pool\plugins\org.eclipse.m2e.maven.runtime_3.9.900.20240824-1409\jars\maven-settings-builder-3.9.9.jar
2025-03-08 15:05:25,242 [Worker-171: Launching Day27-Docker-APIGateaway] INFO  o.eclipse.m2e.core.internal.Bundles - 	Entry: C:\Users\PREDATOR\.p2\pool\plugins\org.eclipse.m2e.maven.runtime_3.9.900.20240824-1409\jars\maven-shared-utils-3.4.2.jar
2025-03-08 15:05:25,242 [Worker-171: Launching Day27-Docker-APIGateaway] INFO  o.eclipse.m2e.core.internal.Bundles - 	Entry: C:\Users\PREDATOR\.p2\pool\plugins\org.eclipse.m2e.maven.runtime_3.9.900.20240824-1409\jars\org.eclipse.sisu.inject-0.9.0.M3.jar
2025-03-08 15:05:25,242 [Worker-171: Launching Day27-Docker-APIGateaway] INFO  o.eclipse.m2e.core.internal.Bundles - 	Entry: C:\Users\PREDATOR\.p2\pool\plugins\org.eclipse.m2e.maven.runtime_3.9.900.20240824-1409\jars\org.eclipse.sisu.plexus-0.9.0.M3.jar
2025-03-08 15:05:25,242 [Worker-171: Launching Day27-Docker-APIGateaway] INFO  o.eclipse.m2e.core.internal.Bundles - 	Entry: C:\Users\PREDATOR\.p2\pool\plugins\org.eclipse.m2e.maven.runtime_3.9.900.20240824-1409\jars\plexus-build-api-0.0.7.jar
2025-03-08 15:05:25,242 [Worker-171: Launching Day27-Docker-APIGateaway] INFO  o.eclipse.m2e.core.internal.Bundles - 	Entry: C:\Users\PREDATOR\.p2\pool\plugins\org.eclipse.m2e.maven.runtime_3.9.900.20240824-1409\jars\plexus-build-api-1.2.0.jar
2025-03-08 15:05:25,243 [Worker-171: Launching Day27-Docker-APIGateaway] INFO  o.eclipse.m2e.core.internal.Bundles - 	Entry: C:\Users\PREDATOR\.p2\pool\plugins\org.eclipse.m2e.maven.runtime_3.9.900.20240824-1409\jars\plexus-cipher-2.0.jar
2025-03-08 15:05:25,243 [Worker-171: Launching Day27-Docker-APIGateaway] INFO  o.eclipse.m2e.core.internal.Bundles - 	Entry: C:\Users\PREDATOR\.p2\pool\plugins\org.eclipse.m2e.maven.runtime_3.9.900.20240824-1409\jars\plexus-classworlds-2.8.0.jar
2025-03-08 15:05:25,243 [Worker-171: Launching Day27-Docker-APIGateaway] INFO  o.eclipse.m2e.core.internal.Bundles - 	Entry: C:\Users\PREDATOR\.p2\pool\plugins\org.eclipse.m2e.maven.runtime_3.9.900.20240824-1409\jars\plexus-component-annotations-2.1.0.jar
2025-03-08 15:05:25,243 [Worker-171: Launching Day27-Docker-APIGateaway] INFO  o.eclipse.m2e.core.internal.Bundles - 	Entry: C:\Users\PREDATOR\.p2\pool\plugins\org.eclipse.m2e.maven.runtime_3.9.900.20240824-1409\jars\plexus-interpolation-1.27.jar
2025-03-08 15:05:25,243 [Worker-171: Launching Day27-Docker-APIGateaway] INFO  o.eclipse.m2e.core.internal.Bundles - 	Entry: C:\Users\PREDATOR\.p2\pool\plugins\org.eclipse.m2e.maven.runtime_3.9.900.20240824-1409\jars\plexus-sec-dispatcher-2.0.jar
2025-03-08 15:05:25,243 [Worker-171: Launching Day27-Docker-APIGateaway] INFO  o.eclipse.m2e.core.internal.Bundles - 	Entry: C:\Users\PREDATOR\.p2\pool\plugins\org.eclipse.m2e.maven.runtime_3.9.900.20240824-1409\jars\plexus-utils-3.5.1.jar
2025-03-08 15:05:25,243 [Worker-171: Launching Day27-Docker-APIGateaway] INFO  o.eclipse.m2e.core.internal.Bundles - 	Entry: C:\Users\PREDATOR\.p2\pool\plugins\org.eclipse.m2e.maven.runtime_3.9.900.20240824-1409\jars\plexus-xml-3.0.1.jar
2025-03-08 15:05:25,243 [Worker-171: Launching Day27-Docker-APIGateaway] INFO  o.eclipse.m2e.core.internal.Bundles - 	Entry: C:\Users\PREDATOR\.p2\pool\plugins\org.eclipse.m2e.maven.runtime_3.9.900.20240824-1409\jars\wagon-file-3.5.3.jar
2025-03-08 15:05:25,243 [Worker-171: Launching Day27-Docker-APIGateaway] INFO  o.eclipse.m2e.core.internal.Bundles - 	Entry: C:\Users\PREDATOR\.p2\pool\plugins\org.eclipse.m2e.maven.runtime_3.9.900.20240824-1409\jars\wagon-http-3.5.3.jar
2025-03-08 15:05:25,244 [Worker-171: Launching Day27-Docker-APIGateaway] INFO  o.eclipse.m2e.core.internal.Bundles - 	Entry: C:\Users\PREDATOR\.p2\pool\plugins\org.eclipse.m2e.maven.runtime_3.9.900.20240824-1409\jars\wagon-http-shared-3.5.3.jar
2025-03-08 15:05:25,244 [Worker-171: Launching Day27-Docker-APIGateaway] INFO  o.eclipse.m2e.core.internal.Bundles - 	Entry: C:\Users\PREDATOR\.p2\pool\plugins\org.eclipse.m2e.maven.runtime_3.9.900.20240824-1409\jars\wagon-provider-api-3.5.3.jar
2025-03-08 15:05:25,244 [Worker-171: Launching Day27-Docker-APIGateaway] INFO  o.eclipse.m2e.core.internal.Bundles - getClasspathEntries(Bundle=com.google.guava_33.3.1.jre [16])
2025-03-08 15:05:25,244 [Worker-171: Launching Day27-Docker-APIGateaway] INFO  o.eclipse.m2e.core.internal.Bundles - 	Entry: C:\Users\PREDATOR\.p2\pool\plugins\com.google.guava_33.3.1.jre.jar
2025-03-08 15:05:25,244 [Worker-171: Launching Day27-Docker-APIGateaway] INFO  o.eclipse.m2e.core.internal.Bundles - getClasspathEntries(Bundle=slf4j.api_2.0.16 [1005])
2025-03-08 15:05:25,244 [Worker-171: Launching Day27-Docker-APIGateaway] INFO  o.eclipse.m2e.core.internal.Bundles - 	Entry: C:\Users\PREDATOR\.p2\pool\plugins\slf4j.api_2.0.16.jar
2025-03-08 15:05:25,244 [Worker-171: Launching Day27-Docker-APIGateaway] INFO  o.eclipse.m2e.core.internal.Bundles - getClasspathEntries(Bundle=jakarta.inject.jakarta.inject-api_1.0.5 [34])
2025-03-08 15:05:25,245 [Worker-171: Launching Day27-Docker-APIGateaway] INFO  o.eclipse.m2e.core.internal.Bundles - 	Entry: C:\Users\PREDATOR\.p2\pool\plugins\jakarta.inject.jakarta.inject-api_1.0.5.jar
2025-03-08 15:05:25,245 [Worker-171: Launching Day27-Docker-APIGateaway] INFO  o.eclipse.m2e.core.internal.Bundles - getClasspathEntries(Bundle=jakarta.annotation-api_1.3.5 [29])
2025-03-08 15:05:25,245 [Worker-171: Launching Day27-Docker-APIGateaway] INFO  o.eclipse.m2e.core.internal.Bundles - 	Entry: C:\Users\PREDATOR\.p2\pool\plugins\jakarta.annotation-api_1.3.5.jar
2025-03-08 15:05:25,245 [Worker-171: Launching Day27-Docker-APIGateaway] INFO  o.eclipse.m2e.core.internal.Bundles - getClasspathEntries(Bundle=org.apache.commons.cli_1.9.0 [75])
2025-03-08 15:05:25,245 [Worker-171: Launching Day27-Docker-APIGateaway] INFO  o.eclipse.m2e.core.internal.Bundles - 	Entry: C:\Users\PREDATOR\.p2\pool\plugins\org.apache.commons.cli_1.9.0.jar
2025-03-08 15:05:25,245 [Worker-171: Launching Day27-Docker-APIGateaway] INFO  o.eclipse.m2e.core.internal.Bundles - getClasspathEntries(Bundle=org.apache.commons.commons-codec_1.16.0 [78])
2025-03-08 15:05:25,245 [Worker-171: Launching Day27-Docker-APIGateaway] INFO  o.eclipse.m2e.core.internal.Bundles - 	Entry: C:\Users\PREDATOR\.p2\pool\plugins\org.apache.commons.commons-codec_1.16.0.jar
2025-03-08 15:05:25,245 [Worker-171: Launching Day27-Docker-APIGateaway] INFO  o.eclipse.m2e.core.internal.Bundles - getClasspathEntries(Bundle=com.google.guava.failureaccess_1.0.2 [17])
2025-03-08 15:05:25,246 [Worker-171: Launching Day27-Docker-APIGateaway] INFO  o.eclipse.m2e.core.internal.Bundles - 	Entry: C:\Users\PREDATOR\.p2\pool\plugins\com.google.guava.failureaccess_1.0.2.jar
2025-03-08 15:05:25,469 [Worker-171: Launching Day27-Docker-APIGateaway] INFO  o.e.m.i.launch.MavenLaunchDelegate - Run build in "F:\JAVA-J2EE\Day27-Docker-APIGateaway":
2025-03-08 15:05:25,469 [Worker-171: Launching Day27-Docker-APIGateaway] INFO  o.e.m.i.launch.MavenLaunchDelegate -  mvn  -B -Dmaven.test.skip=true -DskipTests -Dstyle.color=always clean install
2025-03-08 15:05:29,014 [Worker-165: Launching Day27-Docker-ConfigServer] INFO  o.eclipse.m2e.core.internal.Bundles - getClasspathEntries(Bundle=org.eclipse.m2e.maven.runtime_3.9.900.20240824-1409 [638])
2025-03-08 15:05:29,015 [Worker-165: Launching Day27-Docker-ConfigServer] INFO  o.eclipse.m2e.core.internal.Bundles - 	Entry: C:\Users\PREDATOR\.p2\pool\plugins\org.eclipse.m2e.maven.runtime_3.9.900.20240824-1409
2025-03-08 15:05:29,015 [Worker-165: Launching Day27-Docker-ConfigServer] INFO  o.eclipse.m2e.core.internal.Bundles - 	Entry: C:\Users\PREDATOR\.p2\pool\plugins\org.eclipse.m2e.maven.runtime_3.9.900.20240824-1409\jars\aopalliance-1.0.jar
2025-03-08 15:05:29,015 [Worker-165: Launching Day27-Docker-ConfigServer] INFO  o.eclipse.m2e.core.internal.Bundles - 	Entry: C:\Users\PREDATOR\.p2\pool\plugins\org.eclipse.m2e.maven.runtime_3.9.900.20240824-1409\jars\guice-5.1.0.jar
2025-03-08 15:05:29,015 [Worker-165: Launching Day27-Docker-ConfigServer] INFO  o.eclipse.m2e.core.internal.Bundles - 	Entry: C:\Users\PREDATOR\.p2\pool\plugins\org.eclipse.m2e.maven.runtime_3.9.900.20240824-1409\jars\httpclient-4.5.14.jar
2025-03-08 15:05:29,015 [Worker-165: Launching Day27-Docker-ConfigServer] INFO  o.eclipse.m2e.core.internal.Bundles - 	Entry: C:\Users\PREDATOR\.p2\pool\plugins\org.eclipse.m2e.maven.runtime_3.9.900.20240824-1409\jars\httpcore-4.4.16.jar
2025-03-08 15:05:29,015 [Worker-165: Launching Day27-Docker-ConfigServer] INFO  o.eclipse.m2e.core.internal.Bundles - 	Entry: C:\Users\PREDATOR\.p2\pool\plugins\org.eclipse.m2e.maven.runtime_3.9.900.20240824-1409\jars\jansi-2.4.1.jar
2025-03-08 15:05:29,015 [Worker-165: Launching Day27-Docker-ConfigServer] INFO  o.eclipse.m2e.core.internal.Bundles - 	Entry: C:\Users\PREDATOR\.p2\pool\plugins\org.eclipse.m2e.maven.runtime_3.9.900.20240824-1409\jars\jcl-over-slf4j-1.7.36.jar
2025-03-08 15:05:29,015 [Worker-165: Launching Day27-Docker-ConfigServer] INFO  o.eclipse.m2e.core.internal.Bundles - 	Entry: C:\Users\PREDATOR\.p2\pool\plugins\org.eclipse.m2e.maven.runtime_3.9.900.20240824-1409\jars\maven-artifact-3.9.9.jar
2025-03-08 15:05:29,015 [Worker-165: Launching Day27-Docker-ConfigServer] INFO  o.eclipse.m2e.core.internal.Bundles - 	Entry: C:\Users\PREDATOR\.p2\pool\plugins\org.eclipse.m2e.maven.runtime_3.9.900.20240824-1409\jars\maven-builder-support-3.9.9.jar
2025-03-08 15:05:29,016 [Worker-165: Launching Day27-Docker-ConfigServer] INFO  o.eclipse.m2e.core.internal.Bundles - 	Entry: C:\Users\PREDATOR\.p2\pool\plugins\org.eclipse.m2e.maven.runtime_3.9.900.20240824-1409\jars\maven-compat-3.9.9.jar
2025-03-08 15:05:29,016 [Worker-165: Launching Day27-Docker-ConfigServer] INFO  o.eclipse.m2e.core.internal.Bundles - 	Entry: C:\Users\PREDATOR\.p2\pool\plugins\org.eclipse.m2e.maven.runtime_3.9.900.20240824-1409\jars\maven-core-3.9.9.jar
2025-03-08 15:05:29,016 [Worker-165: Launching Day27-Docker-ConfigServer] INFO  o.eclipse.m2e.core.internal.Bundles - 	Entry: C:\Users\PREDATOR\.p2\pool\plugins\org.eclipse.m2e.maven.runtime_3.9.900.20240824-1409\jars\maven-embedder-3.9.9.jar
2025-03-08 15:05:29,016 [Worker-165: Launching Day27-Docker-ConfigServer] INFO  o.eclipse.m2e.core.internal.Bundles - 	Entry: C:\Users\PREDATOR\.p2\pool\plugins\org.eclipse.m2e.maven.runtime_3.9.900.20240824-1409\jars\maven-model-3.9.9.jar
2025-03-08 15:05:29,016 [Worker-165: Launching Day27-Docker-ConfigServer] INFO  o.eclipse.m2e.core.internal.Bundles - 	Entry: C:\Users\PREDATOR\.p2\pool\plugins\org.eclipse.m2e.maven.runtime_3.9.900.20240824-1409\jars\maven-model-builder-3.9.9.jar
2025-03-08 15:05:29,016 [Worker-165: Launching Day27-Docker-ConfigServer] INFO  o.eclipse.m2e.core.internal.Bundles - 	Entry: C:\Users\PREDATOR\.p2\pool\plugins\org.eclipse.m2e.maven.runtime_3.9.900.20240824-1409\jars\maven-plugin-api-3.9.9.jar
2025-03-08 15:05:29,016 [Worker-165: Launching Day27-Docker-ConfigServer] INFO  o.eclipse.m2e.core.internal.Bundles - 	Entry: C:\Users\PREDATOR\.p2\pool\plugins\org.eclipse.m2e.maven.runtime_3.9.900.20240824-1409\jars\maven-repository-metadata-3.9.9.jar
2025-03-08 15:05:29,016 [Worker-165: Launching Day27-Docker-ConfigServer] INFO  o.eclipse.m2e.core.internal.Bundles - 	Entry: C:\Users\PREDATOR\.p2\pool\plugins\org.eclipse.m2e.maven.runtime_3.9.900.20240824-1409\jars\maven-resolver-api-1.9.22.jar
2025-03-08 15:05:29,016 [Worker-165: Launching Day27-Docker-ConfigServer] INFO  o.eclipse.m2e.core.internal.Bundles - 	Entry: C:\Users\PREDATOR\.p2\pool\plugins\org.eclipse.m2e.maven.runtime_3.9.900.20240824-1409\jars\maven-resolver-connector-basic-1.9.22.jar
2025-03-08 15:05:29,016 [Worker-165: Launching Day27-Docker-ConfigServer] INFO  o.eclipse.m2e.core.internal.Bundles - 	Entry: C:\Users\PREDATOR\.p2\pool\plugins\org.eclipse.m2e.maven.runtime_3.9.900.20240824-1409\jars\maven-resolver-impl-1.9.22.jar
2025-03-08 15:05:29,017 [Worker-165: Launching Day27-Docker-ConfigServer] INFO  o.eclipse.m2e.core.internal.Bundles - 	Entry: C:\Users\PREDATOR\.p2\pool\plugins\org.eclipse.m2e.maven.runtime_3.9.900.20240824-1409\jars\maven-resolver-named-locks-1.9.22.jar
2025-03-08 15:05:29,017 [Worker-165: Launching Day27-Docker-ConfigServer] INFO  o.eclipse.m2e.core.internal.Bundles - 	Entry: C:\Users\PREDATOR\.p2\pool\plugins\org.eclipse.m2e.maven.runtime_3.9.900.20240824-1409\jars\maven-resolver-provider-3.9.9.jar
2025-03-08 15:05:29,017 [Worker-165: Launching Day27-Docker-ConfigServer] INFO  o.eclipse.m2e.core.internal.Bundles - 	Entry: C:\Users\PREDATOR\.p2\pool\plugins\org.eclipse.m2e.maven.runtime_3.9.900.20240824-1409\jars\maven-resolver-spi-1.9.22.jar
2025-03-08 15:05:29,017 [Worker-165: Launching Day27-Docker-ConfigServer] INFO  o.eclipse.m2e.core.internal.Bundles - 	Entry: C:\Users\PREDATOR\.p2\pool\plugins\org.eclipse.m2e.maven.runtime_3.9.900.20240824-1409\jars\maven-resolver-transport-file-1.9.22.jar
2025-03-08 15:05:29,017 [Worker-165: Launching Day27-Docker-ConfigServer] INFO  o.eclipse.m2e.core.internal.Bundles - 	Entry: C:\Users\PREDATOR\.p2\pool\plugins\org.eclipse.m2e.maven.runtime_3.9.900.20240824-1409\jars\maven-resolver-transport-http-1.9.22.jar
2025-03-08 15:05:29,017 [Worker-165: Launching Day27-Docker-ConfigServer] INFO  o.eclipse.m2e.core.internal.Bundles - 	Entry: C:\Users\PREDATOR\.p2\pool\plugins\org.eclipse.m2e.maven.runtime_3.9.900.20240824-1409\jars\maven-resolver-transport-wagon-1.9.22.jar
2025-03-08 15:05:29,017 [Worker-165: Launching Day27-Docker-ConfigServer] INFO  o.eclipse.m2e.core.internal.Bundles - 	Entry: C:\Users\PREDATOR\.p2\pool\plugins\org.eclipse.m2e.maven.runtime_3.9.900.20240824-1409\jars\maven-resolver-util-1.9.22.jar
2025-03-08 15:05:29,017 [Worker-165: Launching Day27-Docker-ConfigServer] INFO  o.eclipse.m2e.core.internal.Bundles - 	Entry: C:\Users\PREDATOR\.p2\pool\plugins\org.eclipse.m2e.maven.runtime_3.9.900.20240824-1409\jars\maven-settings-3.9.9.jar
2025-03-08 15:05:29,017 [Worker-165: Launching Day27-Docker-ConfigServer] INFO  o.eclipse.m2e.core.internal.Bundles - 	Entry: C:\Users\PREDATOR\.p2\pool\plugins\org.eclipse.m2e.maven.runtime_3.9.900.20240824-1409\jars\maven-settings-builder-3.9.9.jar
2025-03-08 15:05:29,017 [Worker-165: Launching Day27-Docker-ConfigServer] INFO  o.eclipse.m2e.core.internal.Bundles - 	Entry: C:\Users\PREDATOR\.p2\pool\plugins\org.eclipse.m2e.maven.runtime_3.9.900.20240824-1409\jars\maven-shared-utils-3.4.2.jar
2025-03-08 15:05:29,017 [Worker-165: Launching Day27-Docker-ConfigServer] INFO  o.eclipse.m2e.core.internal.Bundles - 	Entry: C:\Users\PREDATOR\.p2\pool\plugins\org.eclipse.m2e.maven.runtime_3.9.900.20240824-1409\jars\org.eclipse.sisu.inject-0.9.0.M3.jar
2025-03-08 15:05:29,018 [Worker-165: Launching Day27-Docker-ConfigServer] INFO  o.eclipse.m2e.core.internal.Bundles - 	Entry: C:\Users\PREDATOR\.p2\pool\plugins\org.eclipse.m2e.maven.runtime_3.9.900.20240824-1409\jars\org.eclipse.sisu.plexus-0.9.0.M3.jar
2025-03-08 15:05:29,018 [Worker-165: Launching Day27-Docker-ConfigServer] INFO  o.eclipse.m2e.core.internal.Bundles - 	Entry: C:\Users\PREDATOR\.p2\pool\plugins\org.eclipse.m2e.maven.runtime_3.9.900.20240824-1409\jars\plexus-build-api-0.0.7.jar
2025-03-08 15:05:29,018 [Worker-165: Launching Day27-Docker-ConfigServer] INFO  o.eclipse.m2e.core.internal.Bundles - 	Entry: C:\Users\PREDATOR\.p2\pool\plugins\org.eclipse.m2e.maven.runtime_3.9.900.20240824-1409\jars\plexus-build-api-1.2.0.jar
2025-03-08 15:05:29,018 [Worker-165: Launching Day27-Docker-ConfigServer] INFO  o.eclipse.m2e.core.internal.Bundles - 	Entry: C:\Users\PREDATOR\.p2\pool\plugins\org.eclipse.m2e.maven.runtime_3.9.900.20240824-1409\jars\plexus-cipher-2.0.jar
2025-03-08 15:05:29,018 [Worker-165: Launching Day27-Docker-ConfigServer] INFO  o.eclipse.m2e.core.internal.Bundles - 	Entry: C:\Users\PREDATOR\.p2\pool\plugins\org.eclipse.m2e.maven.runtime_3.9.900.20240824-1409\jars\plexus-classworlds-2.8.0.jar
2025-03-08 15:05:29,018 [Worker-165: Launching Day27-Docker-ConfigServer] INFO  o.eclipse.m2e.core.internal.Bundles - 	Entry: C:\Users\PREDATOR\.p2\pool\plugins\org.eclipse.m2e.maven.runtime_3.9.900.20240824-1409\jars\plexus-component-annotations-2.1.0.jar
2025-03-08 15:05:29,018 [Worker-165: Launching Day27-Docker-ConfigServer] INFO  o.eclipse.m2e.core.internal.Bundles - 	Entry: C:\Users\PREDATOR\.p2\pool\plugins\org.eclipse.m2e.maven.runtime_3.9.900.20240824-1409\jars\plexus-interpolation-1.27.jar
2025-03-08 15:05:29,018 [Worker-165: Launching Day27-Docker-ConfigServer] INFO  o.eclipse.m2e.core.internal.Bundles - 	Entry: C:\Users\PREDATOR\.p2\pool\plugins\org.eclipse.m2e.maven.runtime_3.9.900.20240824-1409\jars\plexus-sec-dispatcher-2.0.jar
2025-03-08 15:05:29,018 [Worker-165: Launching Day27-Docker-ConfigServer] INFO  o.eclipse.m2e.core.internal.Bundles - 	Entry: C:\Users\PREDATOR\.p2\pool\plugins\org.eclipse.m2e.maven.runtime_3.9.900.20240824-1409\jars\plexus-utils-3.5.1.jar
2025-03-08 15:05:29,018 [Worker-165: Launching Day27-Docker-ConfigServer] INFO  o.eclipse.m2e.core.internal.Bundles - 	Entry: C:\Users\PREDATOR\.p2\pool\plugins\org.eclipse.m2e.maven.runtime_3.9.900.20240824-1409\jars\plexus-xml-3.0.1.jar
2025-03-08 15:05:29,018 [Worker-165: Launching Day27-Docker-ConfigServer] INFO  o.eclipse.m2e.core.internal.Bundles - 	Entry: C:\Users\PREDATOR\.p2\pool\plugins\org.eclipse.m2e.maven.runtime_3.9.900.20240824-1409\jars\wagon-file-3.5.3.jar
2025-03-08 15:05:29,019 [Worker-165: Launching Day27-Docker-ConfigServer] INFO  o.eclipse.m2e.core.internal.Bundles - 	Entry: C:\Users\PREDATOR\.p2\pool\plugins\org.eclipse.m2e.maven.runtime_3.9.900.20240824-1409\jars\wagon-http-3.5.3.jar
2025-03-08 15:05:29,019 [Worker-165: Launching Day27-Docker-ConfigServer] INFO  o.eclipse.m2e.core.internal.Bundles - 	Entry: C:\Users\PREDATOR\.p2\pool\plugins\org.eclipse.m2e.maven.runtime_3.9.900.20240824-1409\jars\wagon-http-shared-3.5.3.jar
2025-03-08 15:05:29,019 [Worker-165: Launching Day27-Docker-ConfigServer] INFO  o.eclipse.m2e.core.internal.Bundles - 	Entry: C:\Users\PREDATOR\.p2\pool\plugins\org.eclipse.m2e.maven.runtime_3.9.900.20240824-1409\jars\wagon-provider-api-3.5.3.jar
2025-03-08 15:05:29,019 [Worker-165: Launching Day27-Docker-ConfigServer] INFO  o.eclipse.m2e.core.internal.Bundles - getClasspathEntries(Bundle=com.google.guava_33.3.1.jre [16])
2025-03-08 15:05:29,019 [Worker-165: Launching Day27-Docker-ConfigServer] INFO  o.eclipse.m2e.core.internal.Bundles - 	Entry: C:\Users\PREDATOR\.p2\pool\plugins\com.google.guava_33.3.1.jre.jar
2025-03-08 15:05:29,019 [Worker-165: Launching Day27-Docker-ConfigServer] INFO  o.eclipse.m2e.core.internal.Bundles - getClasspathEntries(Bundle=slf4j.api_2.0.16 [1005])
2025-03-08 15:05:29,019 [Worker-165: Launching Day27-Docker-ConfigServer] INFO  o.eclipse.m2e.core.internal.Bundles - 	Entry: C:\Users\PREDATOR\.p2\pool\plugins\slf4j.api_2.0.16.jar
2025-03-08 15:05:29,019 [Worker-165: Launching Day27-Docker-ConfigServer] INFO  o.eclipse.m2e.core.internal.Bundles - getClasspathEntries(Bundle=jakarta.inject.jakarta.inject-api_1.0.5 [34])
2025-03-08 15:05:29,019 [Worker-165: Launching Day27-Docker-ConfigServer] INFO  o.eclipse.m2e.core.internal.Bundles - 	Entry: C:\Users\PREDATOR\.p2\pool\plugins\jakarta.inject.jakarta.inject-api_1.0.5.jar
2025-03-08 15:05:29,019 [Worker-165: Launching Day27-Docker-ConfigServer] INFO  o.eclipse.m2e.core.internal.Bundles - getClasspathEntries(Bundle=jakarta.annotation-api_1.3.5 [29])
2025-03-08 15:05:29,019 [Worker-165: Launching Day27-Docker-ConfigServer] INFO  o.eclipse.m2e.core.internal.Bundles - 	Entry: C:\Users\PREDATOR\.p2\pool\plugins\jakarta.annotation-api_1.3.5.jar
2025-03-08 15:05:29,019 [Worker-165: Launching Day27-Docker-ConfigServer] INFO  o.eclipse.m2e.core.internal.Bundles - getClasspathEntries(Bundle=org.apache.commons.cli_1.9.0 [75])
2025-03-08 15:05:29,020 [Worker-165: Launching Day27-Docker-ConfigServer] INFO  o.eclipse.m2e.core.internal.Bundles - 	Entry: C:\Users\PREDATOR\.p2\pool\plugins\org.apache.commons.cli_1.9.0.jar
2025-03-08 15:05:29,020 [Worker-165: Launching Day27-Docker-ConfigServer] INFO  o.eclipse.m2e.core.internal.Bundles - getClasspathEntries(Bundle=org.apache.commons.commons-codec_1.16.0 [78])
2025-03-08 15:05:29,020 [Worker-165: Launching Day27-Docker-ConfigServer] INFO  o.eclipse.m2e.core.internal.Bundles - 	Entry: C:\Users\PREDATOR\.p2\pool\plugins\org.apache.commons.commons-codec_1.16.0.jar
2025-03-08 15:05:29,020 [Worker-165: Launching Day27-Docker-ConfigServer] INFO  o.eclipse.m2e.core.internal.Bundles - getClasspathEntries(Bundle=com.google.guava.failureaccess_1.0.2 [17])
2025-03-08 15:05:29,020 [Worker-165: Launching Day27-Docker-ConfigServer] INFO  o.eclipse.m2e.core.internal.Bundles - 	Entry: C:\Users\PREDATOR\.p2\pool\plugins\com.google.guava.failureaccess_1.0.2.jar
2025-03-08 15:05:29,021 [Worker-165: Launching Day27-Docker-ConfigServer] INFO  o.e.m.i.launch.MavenLaunchDelegate - Run build in "F:\JAVA-J2EE\Day27-Docker-ConfigServer":
2025-03-08 15:05:29,021 [Worker-165: Launching Day27-Docker-ConfigServer] INFO  o.e.m.i.launch.MavenLaunchDelegate -  mvn  -B -Dmaven.test.skip=true -DskipTests -Dstyle.color=always clean install
2025-03-08 15:05:31,525 [Worker-170: Launching Day27-Docker-ServerRegistry] INFO  o.eclipse.m2e.core.internal.Bundles - getClasspathEntries(Bundle=org.eclipse.m2e.maven.runtime_3.9.900.20240824-1409 [638])
2025-03-08 15:05:31,526 [Worker-170: Launching Day27-Docker-ServerRegistry] INFO  o.eclipse.m2e.core.internal.Bundles - 	Entry: C:\Users\PREDATOR\.p2\pool\plugins\org.eclipse.m2e.maven.runtime_3.9.900.20240824-1409
2025-03-08 15:05:31,526 [Worker-170: Launching Day27-Docker-ServerRegistry] INFO  o.eclipse.m2e.core.internal.Bundles - 	Entry: C:\Users\PREDATOR\.p2\pool\plugins\org.eclipse.m2e.maven.runtime_3.9.900.20240824-1409\jars\aopalliance-1.0.jar
2025-03-08 15:05:31,526 [Worker-170: Launching Day27-Docker-ServerRegistry] INFO  o.eclipse.m2e.core.internal.Bundles - 	Entry: C:\Users\PREDATOR\.p2\pool\plugins\org.eclipse.m2e.maven.runtime_3.9.900.20240824-1409\jars\guice-5.1.0.jar
2025-03-08 15:05:31,527 [Worker-170: Launching Day27-Docker-ServerRegistry] INFO  o.eclipse.m2e.core.internal.Bundles - 	Entry: C:\Users\PREDATOR\.p2\pool\plugins\org.eclipse.m2e.maven.runtime_3.9.900.20240824-1409\jars\httpclient-4.5.14.jar
2025-03-08 15:05:31,527 [Worker-170: Launching Day27-Docker-ServerRegistry] INFO  o.eclipse.m2e.core.internal.Bundles - 	Entry: C:\Users\PREDATOR\.p2\pool\plugins\org.eclipse.m2e.maven.runtime_3.9.900.20240824-1409\jars\httpcore-4.4.16.jar
2025-03-08 15:05:31,527 [Worker-170: Launching Day27-Docker-ServerRegistry] INFO  o.eclipse.m2e.core.internal.Bundles - 	Entry: C:\Users\PREDATOR\.p2\pool\plugins\org.eclipse.m2e.maven.runtime_3.9.900.20240824-1409\jars\jansi-2.4.1.jar
2025-03-08 15:05:31,527 [Worker-170: Launching Day27-Docker-ServerRegistry] INFO  o.eclipse.m2e.core.internal.Bundles - 	Entry: C:\Users\PREDATOR\.p2\pool\plugins\org.eclipse.m2e.maven.runtime_3.9.900.20240824-1409\jars\jcl-over-slf4j-1.7.36.jar
2025-03-08 15:05:31,527 [Worker-170: Launching Day27-Docker-ServerRegistry] INFO  o.eclipse.m2e.core.internal.Bundles - 	Entry: C:\Users\PREDATOR\.p2\pool\plugins\org.eclipse.m2e.maven.runtime_3.9.900.20240824-1409\jars\maven-artifact-3.9.9.jar
2025-03-08 15:05:31,527 [Worker-170: Launching Day27-Docker-ServerRegistry] INFO  o.eclipse.m2e.core.internal.Bundles - 	Entry: C:\Users\PREDATOR\.p2\pool\plugins\org.eclipse.m2e.maven.runtime_3.9.900.20240824-1409\jars\maven-builder-support-3.9.9.jar
2025-03-08 15:05:31,527 [Worker-170: Launching Day27-Docker-ServerRegistry] INFO  o.eclipse.m2e.core.internal.Bundles - 	Entry: C:\Users\PREDATOR\.p2\pool\plugins\org.eclipse.m2e.maven.runtime_3.9.900.20240824-1409\jars\maven-compat-3.9.9.jar
2025-03-08 15:05:31,527 [Worker-170: Launching Day27-Docker-ServerRegistry] INFO  o.eclipse.m2e.core.internal.Bundles - 	Entry: C:\Users\PREDATOR\.p2\pool\plugins\org.eclipse.m2e.maven.runtime_3.9.900.20240824-1409\jars\maven-core-3.9.9.jar
2025-03-08 15:05:31,528 [Worker-170: Launching Day27-Docker-ServerRegistry] INFO  o.eclipse.m2e.core.internal.Bundles - 	Entry: C:\Users\PREDATOR\.p2\pool\plugins\org.eclipse.m2e.maven.runtime_3.9.900.20240824-1409\jars\maven-embedder-3.9.9.jar
2025-03-08 15:05:31,528 [Worker-170: Launching Day27-Docker-ServerRegistry] INFO  o.eclipse.m2e.core.internal.Bundles - 	Entry: C:\Users\PREDATOR\.p2\pool\plugins\org.eclipse.m2e.maven.runtime_3.9.900.20240824-1409\jars\maven-model-3.9.9.jar
2025-03-08 15:05:31,528 [Worker-170: Launching Day27-Docker-ServerRegistry] INFO  o.eclipse.m2e.core.internal.Bundles - 	Entry: C:\Users\PREDATOR\.p2\pool\plugins\org.eclipse.m2e.maven.runtime_3.9.900.20240824-1409\jars\maven-model-builder-3.9.9.jar
2025-03-08 15:05:31,528 [Worker-170: Launching Day27-Docker-ServerRegistry] INFO  o.eclipse.m2e.core.internal.Bundles - 	Entry: C:\Users\PREDATOR\.p2\pool\plugins\org.eclipse.m2e.maven.runtime_3.9.900.20240824-1409\jars\maven-plugin-api-3.9.9.jar
2025-03-08 15:05:31,528 [Worker-170: Launching Day27-Docker-ServerRegistry] INFO  o.eclipse.m2e.core.internal.Bundles - 	Entry: C:\Users\PREDATOR\.p2\pool\plugins\org.eclipse.m2e.maven.runtime_3.9.900.20240824-1409\jars\maven-repository-metadata-3.9.9.jar
2025-03-08 15:05:31,528 [Worker-170: Launching Day27-Docker-ServerRegistry] INFO  o.eclipse.m2e.core.internal.Bundles - 	Entry: C:\Users\PREDATOR\.p2\pool\plugins\org.eclipse.m2e.maven.runtime_3.9.900.20240824-1409\jars\maven-resolver-api-1.9.22.jar
2025-03-08 15:05:31,528 [Worker-170: Launching Day27-Docker-ServerRegistry] INFO  o.eclipse.m2e.core.internal.Bundles - 	Entry: C:\Users\PREDATOR\.p2\pool\plugins\org.eclipse.m2e.maven.runtime_3.9.900.20240824-1409\jars\maven-resolver-connector-basic-1.9.22.jar
2025-03-08 15:05:31,528 [Worker-170: Launching Day27-Docker-ServerRegistry] INFO  o.eclipse.m2e.core.internal.Bundles - 	Entry: C:\Users\PREDATOR\.p2\pool\plugins\org.eclipse.m2e.maven.runtime_3.9.900.20240824-1409\jars\maven-resolver-impl-1.9.22.jar
2025-03-08 15:05:31,528 [Worker-170: Launching Day27-Docker-ServerRegistry] INFO  o.eclipse.m2e.core.internal.Bundles - 	Entry: C:\Users\PREDATOR\.p2\pool\plugins\org.eclipse.m2e.maven.runtime_3.9.900.20240824-1409\jars\maven-resolver-named-locks-1.9.22.jar
2025-03-08 15:05:31,529 [Worker-170: Launching Day27-Docker-ServerRegistry] INFO  o.eclipse.m2e.core.internal.Bundles - 	Entry: C:\Users\PREDATOR\.p2\pool\plugins\org.eclipse.m2e.maven.runtime_3.9.900.20240824-1409\jars\maven-resolver-provider-3.9.9.jar
2025-03-08 15:05:31,529 [Worker-170: Launching Day27-Docker-ServerRegistry] INFO  o.eclipse.m2e.core.internal.Bundles - 	Entry: C:\Users\PREDATOR\.p2\pool\plugins\org.eclipse.m2e.maven.runtime_3.9.900.20240824-1409\jars\maven-resolver-spi-1.9.22.jar
2025-03-08 15:05:31,529 [Worker-170: Launching Day27-Docker-ServerRegistry] INFO  o.eclipse.m2e.core.internal.Bundles - 	Entry: C:\Users\PREDATOR\.p2\pool\plugins\org.eclipse.m2e.maven.runtime_3.9.900.20240824-1409\jars\maven-resolver-transport-file-1.9.22.jar
2025-03-08 15:05:31,529 [Worker-170: Launching Day27-Docker-ServerRegistry] INFO  o.eclipse.m2e.core.internal.Bundles - 	Entry: C:\Users\PREDATOR\.p2\pool\plugins\org.eclipse.m2e.maven.runtime_3.9.900.20240824-1409\jars\maven-resolver-transport-http-1.9.22.jar
2025-03-08 15:05:31,529 [Worker-170: Launching Day27-Docker-ServerRegistry] INFO  o.eclipse.m2e.core.internal.Bundles - 	Entry: C:\Users\PREDATOR\.p2\pool\plugins\org.eclipse.m2e.maven.runtime_3.9.900.20240824-1409\jars\maven-resolver-transport-wagon-1.9.22.jar
2025-03-08 15:05:31,529 [Worker-170: Launching Day27-Docker-ServerRegistry] INFO  o.eclipse.m2e.core.internal.Bundles - 	Entry: C:\Users\PREDATOR\.p2\pool\plugins\org.eclipse.m2e.maven.runtime_3.9.900.20240824-1409\jars\maven-resolver-util-1.9.22.jar
2025-03-08 15:05:31,530 [Worker-170: Launching Day27-Docker-ServerRegistry] INFO  o.eclipse.m2e.core.internal.Bundles - 	Entry: C:\Users\PREDATOR\.p2\pool\plugins\org.eclipse.m2e.maven.runtime_3.9.900.20240824-1409\jars\maven-settings-3.9.9.jar
2025-03-08 15:05:31,530 [Worker-170: Launching Day27-Docker-ServerRegistry] INFO  o.eclipse.m2e.core.internal.Bundles - 	Entry: C:\Users\PREDATOR\.p2\pool\plugins\org.eclipse.m2e.maven.runtime_3.9.900.20240824-1409\jars\maven-settings-builder-3.9.9.jar
2025-03-08 15:05:31,530 [Worker-170: Launching Day27-Docker-ServerRegistry] INFO  o.eclipse.m2e.core.internal.Bundles - 	Entry: C:\Users\PREDATOR\.p2\pool\plugins\org.eclipse.m2e.maven.runtime_3.9.900.20240824-1409\jars\maven-shared-utils-3.4.2.jar
2025-03-08 15:05:31,530 [Worker-170: Launching Day27-Docker-ServerRegistry] INFO  o.eclipse.m2e.core.internal.Bundles - 	Entry: C:\Users\PREDATOR\.p2\pool\plugins\org.eclipse.m2e.maven.runtime_3.9.900.20240824-1409\jars\org.eclipse.sisu.inject-0.9.0.M3.jar
2025-03-08 15:05:31,531 [Worker-170: Launching Day27-Docker-ServerRegistry] INFO  o.eclipse.m2e.core.internal.Bundles - 	Entry: C:\Users\PREDATOR\.p2\pool\plugins\org.eclipse.m2e.maven.runtime_3.9.900.20240824-1409\jars\org.eclipse.sisu.plexus-0.9.0.M3.jar
2025-03-08 15:05:31,531 [Worker-170: Launching Day27-Docker-ServerRegistry] INFO  o.eclipse.m2e.core.internal.Bundles - 	Entry: C:\Users\PREDATOR\.p2\pool\plugins\org.eclipse.m2e.maven.runtime_3.9.900.20240824-1409\jars\plexus-build-api-0.0.7.jar
2025-03-08 15:05:31,531 [Worker-170: Launching Day27-Docker-ServerRegistry] INFO  o.eclipse.m2e.core.internal.Bundles - 	Entry: C:\Users\PREDATOR\.p2\pool\plugins\org.eclipse.m2e.maven.runtime_3.9.900.20240824-1409\jars\plexus-build-api-1.2.0.jar
2025-03-08 15:05:31,531 [Worker-170: Launching Day27-Docker-ServerRegistry] INFO  o.eclipse.m2e.core.internal.Bundles - 	Entry: C:\Users\PREDATOR\.p2\pool\plugins\org.eclipse.m2e.maven.runtime_3.9.900.20240824-1409\jars\plexus-cipher-2.0.jar
2025-03-08 15:05:31,531 [Worker-170: Launching Day27-Docker-ServerRegistry] INFO  o.eclipse.m2e.core.internal.Bundles - 	Entry: C:\Users\PREDATOR\.p2\pool\plugins\org.eclipse.m2e.maven.runtime_3.9.900.20240824-1409\jars\plexus-classworlds-2.8.0.jar
2025-03-08 15:05:31,531 [Worker-170: Launching Day27-Docker-ServerRegistry] INFO  o.eclipse.m2e.core.internal.Bundles - 	Entry: C:\Users\PREDATOR\.p2\pool\plugins\org.eclipse.m2e.maven.runtime_3.9.900.20240824-1409\jars\plexus-component-annotations-2.1.0.jar
2025-03-08 15:05:31,531 [Worker-170: Launching Day27-Docker-ServerRegistry] INFO  o.eclipse.m2e.core.internal.Bundles - 	Entry: C:\Users\PREDATOR\.p2\pool\plugins\org.eclipse.m2e.maven.runtime_3.9.900.20240824-1409\jars\plexus-interpolation-1.27.jar
2025-03-08 15:05:31,531 [Worker-170: Launching Day27-Docker-ServerRegistry] INFO  o.eclipse.m2e.core.internal.Bundles - 	Entry: C:\Users\PREDATOR\.p2\pool\plugins\org.eclipse.m2e.maven.runtime_3.9.900.20240824-1409\jars\plexus-sec-dispatcher-2.0.jar
2025-03-08 15:05:31,531 [Worker-170: Launching Day27-Docker-ServerRegistry] INFO  o.eclipse.m2e.core.internal.Bundles - 	Entry: C:\Users\PREDATOR\.p2\pool\plugins\org.eclipse.m2e.maven.runtime_3.9.900.20240824-1409\jars\plexus-utils-3.5.1.jar
2025-03-08 15:05:31,532 [Worker-170: Launching Day27-Docker-ServerRegistry] INFO  o.eclipse.m2e.core.internal.Bundles - 	Entry: C:\Users\PREDATOR\.p2\pool\plugins\org.eclipse.m2e.maven.runtime_3.9.900.20240824-1409\jars\plexus-xml-3.0.1.jar
2025-03-08 15:05:31,532 [Worker-170: Launching Day27-Docker-ServerRegistry] INFO  o.eclipse.m2e.core.internal.Bundles - 	Entry: C:\Users\PREDATOR\.p2\pool\plugins\org.eclipse.m2e.maven.runtime_3.9.900.20240824-1409\jars\wagon-file-3.5.3.jar
2025-03-08 15:05:31,532 [Worker-170: Launching Day27-Docker-ServerRegistry] INFO  o.eclipse.m2e.core.internal.Bundles - 	Entry: C:\Users\PREDATOR\.p2\pool\plugins\org.eclipse.m2e.maven.runtime_3.9.900.20240824-1409\jars\wagon-http-3.5.3.jar
2025-03-08 15:05:31,532 [Worker-170: Launching Day27-Docker-ServerRegistry] INFO  o.eclipse.m2e.core.internal.Bundles - 	Entry: C:\Users\PREDATOR\.p2\pool\plugins\org.eclipse.m2e.maven.runtime_3.9.900.20240824-1409\jars\wagon-http-shared-3.5.3.jar
2025-03-08 15:05:31,532 [Worker-170: Launching Day27-Docker-ServerRegistry] INFO  o.eclipse.m2e.core.internal.Bundles - 	Entry: C:\Users\PREDATOR\.p2\pool\plugins\org.eclipse.m2e.maven.runtime_3.9.900.20240824-1409\jars\wagon-provider-api-3.5.3.jar
2025-03-08 15:05:31,532 [Worker-170: Launching Day27-Docker-ServerRegistry] INFO  o.eclipse.m2e.core.internal.Bundles - getClasspathEntries(Bundle=com.google.guava_33.3.1.jre [16])
2025-03-08 15:05:31,533 [Worker-170: Launching Day27-Docker-ServerRegistry] INFO  o.eclipse.m2e.core.internal.Bundles - 	Entry: C:\Users\PREDATOR\.p2\pool\plugins\com.google.guava_33.3.1.jre.jar
2025-03-08 15:05:31,533 [Worker-170: Launching Day27-Docker-ServerRegistry] INFO  o.eclipse.m2e.core.internal.Bundles - getClasspathEntries(Bundle=slf4j.api_2.0.16 [1005])
2025-03-08 15:05:31,533 [Worker-170: Launching Day27-Docker-ServerRegistry] INFO  o.eclipse.m2e.core.internal.Bundles - 	Entry: C:\Users\PREDATOR\.p2\pool\plugins\slf4j.api_2.0.16.jar
2025-03-08 15:05:31,533 [Worker-170: Launching Day27-Docker-ServerRegistry] INFO  o.eclipse.m2e.core.internal.Bundles - getClasspathEntries(Bundle=jakarta.inject.jakarta.inject-api_1.0.5 [34])
2025-03-08 15:05:31,533 [Worker-170: Launching Day27-Docker-ServerRegistry] INFO  o.eclipse.m2e.core.internal.Bundles - 	Entry: C:\Users\PREDATOR\.p2\pool\plugins\jakarta.inject.jakarta.inject-api_1.0.5.jar
2025-03-08 15:05:31,533 [Worker-170: Launching Day27-Docker-ServerRegistry] INFO  o.eclipse.m2e.core.internal.Bundles - getClasspathEntries(Bundle=jakarta.annotation-api_1.3.5 [29])
2025-03-08 15:05:31,533 [Worker-170: Launching Day27-Docker-ServerRegistry] INFO  o.eclipse.m2e.core.internal.Bundles - 	Entry: C:\Users\PREDATOR\.p2\pool\plugins\jakarta.annotation-api_1.3.5.jar
2025-03-08 15:05:31,533 [Worker-170: Launching Day27-Docker-ServerRegistry] INFO  o.eclipse.m2e.core.internal.Bundles - getClasspathEntries(Bundle=org.apache.commons.cli_1.9.0 [75])
2025-03-08 15:05:31,534 [Worker-170: Launching Day27-Docker-ServerRegistry] INFO  o.eclipse.m2e.core.internal.Bundles - 	Entry: C:\Users\PREDATOR\.p2\pool\plugins\org.apache.commons.cli_1.9.0.jar
2025-03-08 15:05:31,534 [Worker-170: Launching Day27-Docker-ServerRegistry] INFO  o.eclipse.m2e.core.internal.Bundles - getClasspathEntries(Bundle=org.apache.commons.commons-codec_1.16.0 [78])
2025-03-08 15:05:31,534 [Worker-170: Launching Day27-Docker-ServerRegistry] INFO  o.eclipse.m2e.core.internal.Bundles - 	Entry: C:\Users\PREDATOR\.p2\pool\plugins\org.apache.commons.commons-codec_1.16.0.jar
2025-03-08 15:05:31,534 [Worker-170: Launching Day27-Docker-ServerRegistry] INFO  o.eclipse.m2e.core.internal.Bundles - getClasspathEntries(Bundle=com.google.guava.failureaccess_1.0.2 [17])
2025-03-08 15:05:31,534 [Worker-170: Launching Day27-Docker-ServerRegistry] INFO  o.eclipse.m2e.core.internal.Bundles - 	Entry: C:\Users\PREDATOR\.p2\pool\plugins\com.google.guava.failureaccess_1.0.2.jar
2025-03-08 15:05:31,535 [Worker-170: Launching Day27-Docker-ServerRegistry] INFO  o.e.m.i.launch.MavenLaunchDelegate - Run build in "F:\JAVA-J2EE\Day27-Docker-ServerRegistry":
2025-03-08 15:05:31,535 [Worker-170: Launching Day27-Docker-ServerRegistry] INFO  o.e.m.i.launch.MavenLaunchDelegate -  mvn  -B -Dstyle.color=always clean install
2025-03-08 15:05:34,191 [Worker-172: Launching Day27-Docker-WebClientBank] INFO  o.eclipse.m2e.core.internal.Bundles - getClasspathEntries(Bundle=org.eclipse.m2e.maven.runtime_3.9.900.20240824-1409 [638])
2025-03-08 15:05:34,191 [Worker-172: Launching Day27-Docker-WebClientBank] INFO  o.eclipse.m2e.core.internal.Bundles - 	Entry: C:\Users\PREDATOR\.p2\pool\plugins\org.eclipse.m2e.maven.runtime_3.9.900.20240824-1409
2025-03-08 15:05:34,191 [Worker-172: Launching Day27-Docker-WebClientBank] INFO  o.eclipse.m2e.core.internal.Bundles - 	Entry: C:\Users\PREDATOR\.p2\pool\plugins\org.eclipse.m2e.maven.runtime_3.9.900.20240824-1409\jars\aopalliance-1.0.jar
2025-03-08 15:05:34,191 [Worker-172: Launching Day27-Docker-WebClientBank] INFO  o.eclipse.m2e.core.internal.Bundles - 	Entry: C:\Users\PREDATOR\.p2\pool\plugins\org.eclipse.m2e.maven.runtime_3.9.900.20240824-1409\jars\guice-5.1.0.jar
2025-03-08 15:05:34,191 [Worker-172: Launching Day27-Docker-WebClientBank] INFO  o.eclipse.m2e.core.internal.Bundles - 	Entry: C:\Users\PREDATOR\.p2\pool\plugins\org.eclipse.m2e.maven.runtime_3.9.900.20240824-1409\jars\httpclient-4.5.14.jar
2025-03-08 15:05:34,191 [Worker-172: Launching Day27-Docker-WebClientBank] INFO  o.eclipse.m2e.core.internal.Bundles - 	Entry: C:\Users\PREDATOR\.p2\pool\plugins\org.eclipse.m2e.maven.runtime_3.9.900.20240824-1409\jars\httpcore-4.4.16.jar
2025-03-08 15:05:34,192 [Worker-172: Launching Day27-Docker-WebClientBank] INFO  o.eclipse.m2e.core.internal.Bundles - 	Entry: C:\Users\PREDATOR\.p2\pool\plugins\org.eclipse.m2e.maven.runtime_3.9.900.20240824-1409\jars\jansi-2.4.1.jar
2025-03-08 15:05:34,192 [Worker-172: Launching Day27-Docker-WebClientBank] INFO  o.eclipse.m2e.core.internal.Bundles - 	Entry: C:\Users\PREDATOR\.p2\pool\plugins\org.eclipse.m2e.maven.runtime_3.9.900.20240824-1409\jars\jcl-over-slf4j-1.7.36.jar
2025-03-08 15:05:34,192 [Worker-172: Launching Day27-Docker-WebClientBank] INFO  o.eclipse.m2e.core.internal.Bundles - 	Entry: C:\Users\PREDATOR\.p2\pool\plugins\org.eclipse.m2e.maven.runtime_3.9.900.20240824-1409\jars\maven-artifact-3.9.9.jar
2025-03-08 15:05:34,192 [Worker-172: Launching Day27-Docker-WebClientBank] INFO  o.eclipse.m2e.core.internal.Bundles - 	Entry: C:\Users\PREDATOR\.p2\pool\plugins\org.eclipse.m2e.maven.runtime_3.9.900.20240824-1409\jars\maven-builder-support-3.9.9.jar
2025-03-08 15:05:34,192 [Worker-172: Launching Day27-Docker-WebClientBank] INFO  o.eclipse.m2e.core.internal.Bundles - 	Entry: C:\Users\PREDATOR\.p2\pool\plugins\org.eclipse.m2e.maven.runtime_3.9.900.20240824-1409\jars\maven-compat-3.9.9.jar
2025-03-08 15:05:34,192 [Worker-172: Launching Day27-Docker-WebClientBank] INFO  o.eclipse.m2e.core.internal.Bundles - 	Entry: C:\Users\PREDATOR\.p2\pool\plugins\org.eclipse.m2e.maven.runtime_3.9.900.20240824-1409\jars\maven-core-3.9.9.jar
2025-03-08 15:05:34,192 [Worker-172: Launching Day27-Docker-WebClientBank] INFO  o.eclipse.m2e.core.internal.Bundles - 	Entry: C:\Users\PREDATOR\.p2\pool\plugins\org.eclipse.m2e.maven.runtime_3.9.900.20240824-1409\jars\maven-embedder-3.9.9.jar
2025-03-08 15:05:34,192 [Worker-172: Launching Day27-Docker-WebClientBank] INFO  o.eclipse.m2e.core.internal.Bundles - 	Entry: C:\Users\PREDATOR\.p2\pool\plugins\org.eclipse.m2e.maven.runtime_3.9.900.20240824-1409\jars\maven-model-3.9.9.jar
2025-03-08 15:05:34,192 [Worker-172: Launching Day27-Docker-WebClientBank] INFO  o.eclipse.m2e.core.internal.Bundles - 	Entry: C:\Users\PREDATOR\.p2\pool\plugins\org.eclipse.m2e.maven.runtime_3.9.900.20240824-1409\jars\maven-model-builder-3.9.9.jar
2025-03-08 15:05:34,192 [Worker-172: Launching Day27-Docker-WebClientBank] INFO  o.eclipse.m2e.core.internal.Bundles - 	Entry: C:\Users\PREDATOR\.p2\pool\plugins\org.eclipse.m2e.maven.runtime_3.9.900.20240824-1409\jars\maven-plugin-api-3.9.9.jar
2025-03-08 15:05:34,193 [Worker-172: Launching Day27-Docker-WebClientBank] INFO  o.eclipse.m2e.core.internal.Bundles - 	Entry: C:\Users\PREDATOR\.p2\pool\plugins\org.eclipse.m2e.maven.runtime_3.9.900.20240824-1409\jars\maven-repository-metadata-3.9.9.jar
2025-03-08 15:05:34,193 [Worker-172: Launching Day27-Docker-WebClientBank] INFO  o.eclipse.m2e.core.internal.Bundles - 	Entry: C:\Users\PREDATOR\.p2\pool\plugins\org.eclipse.m2e.maven.runtime_3.9.900.20240824-1409\jars\maven-resolver-api-1.9.22.jar
2025-03-08 15:05:34,193 [Worker-172: Launching Day27-Docker-WebClientBank] INFO  o.eclipse.m2e.core.internal.Bundles - 	Entry: C:\Users\PREDATOR\.p2\pool\plugins\org.eclipse.m2e.maven.runtime_3.9.900.20240824-1409\jars\maven-resolver-connector-basic-1.9.22.jar
2025-03-08 15:05:34,193 [Worker-172: Launching Day27-Docker-WebClientBank] INFO  o.eclipse.m2e.core.internal.Bundles - 	Entry: C:\Users\PREDATOR\.p2\pool\plugins\org.eclipse.m2e.maven.runtime_3.9.900.20240824-1409\jars\maven-resolver-impl-1.9.22.jar
2025-03-08 15:05:34,194 [Worker-172: Launching Day27-Docker-WebClientBank] INFO  o.eclipse.m2e.core.internal.Bundles - 	Entry: C:\Users\PREDATOR\.p2\pool\plugins\org.eclipse.m2e.maven.runtime_3.9.900.20240824-1409\jars\maven-resolver-named-locks-1.9.22.jar
2025-03-08 15:05:34,194 [Worker-172: Launching Day27-Docker-WebClientBank] INFO  o.eclipse.m2e.core.internal.Bundles - 	Entry: C:\Users\PREDATOR\.p2\pool\plugins\org.eclipse.m2e.maven.runtime_3.9.900.20240824-1409\jars\maven-resolver-provider-3.9.9.jar
2025-03-08 15:05:34,194 [Worker-172: Launching Day27-Docker-WebClientBank] INFO  o.eclipse.m2e.core.internal.Bundles - 	Entry: C:\Users\PREDATOR\.p2\pool\plugins\org.eclipse.m2e.maven.runtime_3.9.900.20240824-1409\jars\maven-resolver-spi-1.9.22.jar
2025-03-08 15:05:34,194 [Worker-172: Launching Day27-Docker-WebClientBank] INFO  o.eclipse.m2e.core.internal.Bundles - 	Entry: C:\Users\PREDATOR\.p2\pool\plugins\org.eclipse.m2e.maven.runtime_3.9.900.20240824-1409\jars\maven-resolver-transport-file-1.9.22.jar
2025-03-08 15:05:34,194 [Worker-172: Launching Day27-Docker-WebClientBank] INFO  o.eclipse.m2e.core.internal.Bundles - 	Entry: C:\Users\PREDATOR\.p2\pool\plugins\org.eclipse.m2e.maven.runtime_3.9.900.20240824-1409\jars\maven-resolver-transport-http-1.9.22.jar
2025-03-08 15:05:34,194 [Worker-172: Launching Day27-Docker-WebClientBank] INFO  o.eclipse.m2e.core.internal.Bundles - 	Entry: C:\Users\PREDATOR\.p2\pool\plugins\org.eclipse.m2e.maven.runtime_3.9.900.20240824-1409\jars\maven-resolver-transport-wagon-1.9.22.jar
2025-03-08 15:05:34,194 [Worker-172: Launching Day27-Docker-WebClientBank] INFO  o.eclipse.m2e.core.internal.Bundles - 	Entry: C:\Users\PREDATOR\.p2\pool\plugins\org.eclipse.m2e.maven.runtime_3.9.900.20240824-1409\jars\maven-resolver-util-1.9.22.jar
2025-03-08 15:05:34,195 [Worker-172: Launching Day27-Docker-WebClientBank] INFO  o.eclipse.m2e.core.internal.Bundles - 	Entry: C:\Users\PREDATOR\.p2\pool\plugins\org.eclipse.m2e.maven.runtime_3.9.900.20240824-1409\jars\maven-settings-3.9.9.jar
2025-03-08 15:05:34,195 [Worker-172: Launching Day27-Docker-WebClientBank] INFO  o.eclipse.m2e.core.internal.Bundles - 	Entry: C:\Users\PREDATOR\.p2\pool\plugins\org.eclipse.m2e.maven.runtime_3.9.900.20240824-1409\jars\maven-settings-builder-3.9.9.jar
2025-03-08 15:05:34,195 [Worker-172: Launching Day27-Docker-WebClientBank] INFO  o.eclipse.m2e.core.internal.Bundles - 	Entry: C:\Users\PREDATOR\.p2\pool\plugins\org.eclipse.m2e.maven.runtime_3.9.900.20240824-1409\jars\maven-shared-utils-3.4.2.jar
2025-03-08 15:05:34,195 [Worker-172: Launching Day27-Docker-WebClientBank] INFO  o.eclipse.m2e.core.internal.Bundles - 	Entry: C:\Users\PREDATOR\.p2\pool\plugins\org.eclipse.m2e.maven.runtime_3.9.900.20240824-1409\jars\org.eclipse.sisu.inject-0.9.0.M3.jar
2025-03-08 15:05:34,195 [Worker-172: Launching Day27-Docker-WebClientBank] INFO  o.eclipse.m2e.core.internal.Bundles - 	Entry: C:\Users\PREDATOR\.p2\pool\plugins\org.eclipse.m2e.maven.runtime_3.9.900.20240824-1409\jars\org.eclipse.sisu.plexus-0.9.0.M3.jar
2025-03-08 15:05:34,195 [Worker-172: Launching Day27-Docker-WebClientBank] INFO  o.eclipse.m2e.core.internal.Bundles - 	Entry: C:\Users\PREDATOR\.p2\pool\plugins\org.eclipse.m2e.maven.runtime_3.9.900.20240824-1409\jars\plexus-build-api-0.0.7.jar
2025-03-08 15:05:34,195 [Worker-172: Launching Day27-Docker-WebClientBank] INFO  o.eclipse.m2e.core.internal.Bundles - 	Entry: C:\Users\PREDATOR\.p2\pool\plugins\org.eclipse.m2e.maven.runtime_3.9.900.20240824-1409\jars\plexus-build-api-1.2.0.jar
2025-03-08 15:05:34,195 [Worker-172: Launching Day27-Docker-WebClientBank] INFO  o.eclipse.m2e.core.internal.Bundles - 	Entry: C:\Users\PREDATOR\.p2\pool\plugins\org.eclipse.m2e.maven.runtime_3.9.900.20240824-1409\jars\plexus-cipher-2.0.jar
2025-03-08 15:05:34,195 [Worker-172: Launching Day27-Docker-WebClientBank] INFO  o.eclipse.m2e.core.internal.Bundles - 	Entry: C:\Users\PREDATOR\.p2\pool\plugins\org.eclipse.m2e.maven.runtime_3.9.900.20240824-1409\jars\plexus-classworlds-2.8.0.jar
2025-03-08 15:05:34,196 [Worker-172: Launching Day27-Docker-WebClientBank] INFO  o.eclipse.m2e.core.internal.Bundles - 	Entry: C:\Users\PREDATOR\.p2\pool\plugins\org.eclipse.m2e.maven.runtime_3.9.900.20240824-1409\jars\plexus-component-annotations-2.1.0.jar
2025-03-08 15:05:34,196 [Worker-172: Launching Day27-Docker-WebClientBank] INFO  o.eclipse.m2e.core.internal.Bundles - 	Entry: C:\Users\PREDATOR\.p2\pool\plugins\org.eclipse.m2e.maven.runtime_3.9.900.20240824-1409\jars\plexus-interpolation-1.27.jar
2025-03-08 15:05:34,196 [Worker-172: Launching Day27-Docker-WebClientBank] INFO  o.eclipse.m2e.core.internal.Bundles - 	Entry: C:\Users\PREDATOR\.p2\pool\plugins\org.eclipse.m2e.maven.runtime_3.9.900.20240824-1409\jars\plexus-sec-dispatcher-2.0.jar
2025-03-08 15:05:34,196 [Worker-172: Launching Day27-Docker-WebClientBank] INFO  o.eclipse.m2e.core.internal.Bundles - 	Entry: C:\Users\PREDATOR\.p2\pool\plugins\org.eclipse.m2e.maven.runtime_3.9.900.20240824-1409\jars\plexus-utils-3.5.1.jar
2025-03-08 15:05:34,196 [Worker-172: Launching Day27-Docker-WebClientBank] INFO  o.eclipse.m2e.core.internal.Bundles - 	Entry: C:\Users\PREDATOR\.p2\pool\plugins\org.eclipse.m2e.maven.runtime_3.9.900.20240824-1409\jars\plexus-xml-3.0.1.jar
2025-03-08 15:05:34,196 [Worker-172: Launching Day27-Docker-WebClientBank] INFO  o.eclipse.m2e.core.internal.Bundles - 	Entry: C:\Users\PREDATOR\.p2\pool\plugins\org.eclipse.m2e.maven.runtime_3.9.900.20240824-1409\jars\wagon-file-3.5.3.jar
2025-03-08 15:05:34,196 [Worker-172: Launching Day27-Docker-WebClientBank] INFO  o.eclipse.m2e.core.internal.Bundles - 	Entry: C:\Users\PREDATOR\.p2\pool\plugins\org.eclipse.m2e.maven.runtime_3.9.900.20240824-1409\jars\wagon-http-3.5.3.jar
2025-03-08 15:05:34,196 [Worker-172: Launching Day27-Docker-WebClientBank] INFO  o.eclipse.m2e.core.internal.Bundles - 	Entry: C:\Users\PREDATOR\.p2\pool\plugins\org.eclipse.m2e.maven.runtime_3.9.900.20240824-1409\jars\wagon-http-shared-3.5.3.jar
2025-03-08 15:05:34,196 [Worker-172: Launching Day27-Docker-WebClientBank] INFO  o.eclipse.m2e.core.internal.Bundles - 	Entry: C:\Users\PREDATOR\.p2\pool\plugins\org.eclipse.m2e.maven.runtime_3.9.900.20240824-1409\jars\wagon-provider-api-3.5.3.jar
2025-03-08 15:05:34,197 [Worker-172: Launching Day27-Docker-WebClientBank] INFO  o.eclipse.m2e.core.internal.Bundles - getClasspathEntries(Bundle=com.google.guava_33.3.1.jre [16])
2025-03-08 15:05:34,197 [Worker-172: Launching Day27-Docker-WebClientBank] INFO  o.eclipse.m2e.core.internal.Bundles - 	Entry: C:\Users\PREDATOR\.p2\pool\plugins\com.google.guava_33.3.1.jre.jar
2025-03-08 15:05:34,197 [Worker-172: Launching Day27-Docker-WebClientBank] INFO  o.eclipse.m2e.core.internal.Bundles - getClasspathEntries(Bundle=slf4j.api_2.0.16 [1005])
2025-03-08 15:05:34,197 [Worker-172: Launching Day27-Docker-WebClientBank] INFO  o.eclipse.m2e.core.internal.Bundles - 	Entry: C:\Users\PREDATOR\.p2\pool\plugins\slf4j.api_2.0.16.jar
2025-03-08 15:05:34,197 [Worker-172: Launching Day27-Docker-WebClientBank] INFO  o.eclipse.m2e.core.internal.Bundles - getClasspathEntries(Bundle=jakarta.inject.jakarta.inject-api_1.0.5 [34])
2025-03-08 15:05:34,197 [Worker-172: Launching Day27-Docker-WebClientBank] INFO  o.eclipse.m2e.core.internal.Bundles - 	Entry: C:\Users\PREDATOR\.p2\pool\plugins\jakarta.inject.jakarta.inject-api_1.0.5.jar
2025-03-08 15:05:34,197 [Worker-172: Launching Day27-Docker-WebClientBank] INFO  o.eclipse.m2e.core.internal.Bundles - getClasspathEntries(Bundle=jakarta.annotation-api_1.3.5 [29])
2025-03-08 15:05:34,198 [Worker-172: Launching Day27-Docker-WebClientBank] INFO  o.eclipse.m2e.core.internal.Bundles - 	Entry: C:\Users\PREDATOR\.p2\pool\plugins\jakarta.annotation-api_1.3.5.jar
2025-03-08 15:05:34,198 [Worker-172: Launching Day27-Docker-WebClientBank] INFO  o.eclipse.m2e.core.internal.Bundles - getClasspathEntries(Bundle=org.apache.commons.cli_1.9.0 [75])
2025-03-08 15:05:34,198 [Worker-172: Launching Day27-Docker-WebClientBank] INFO  o.eclipse.m2e.core.internal.Bundles - 	Entry: C:\Users\PREDATOR\.p2\pool\plugins\org.apache.commons.cli_1.9.0.jar
2025-03-08 15:05:34,198 [Worker-172: Launching Day27-Docker-WebClientBank] INFO  o.eclipse.m2e.core.internal.Bundles - getClasspathEntries(Bundle=org.apache.commons.commons-codec_1.16.0 [78])
2025-03-08 15:05:34,198 [Worker-172: Launching Day27-Docker-WebClientBank] INFO  o.eclipse.m2e.core.internal.Bundles - 	Entry: C:\Users\PREDATOR\.p2\pool\plugins\org.apache.commons.commons-codec_1.16.0.jar
2025-03-08 15:05:34,198 [Worker-172: Launching Day27-Docker-WebClientBank] INFO  o.eclipse.m2e.core.internal.Bundles - getClasspathEntries(Bundle=com.google.guava.failureaccess_1.0.2 [17])
2025-03-08 15:05:34,198 [Worker-172: Launching Day27-Docker-WebClientBank] INFO  o.eclipse.m2e.core.internal.Bundles - 	Entry: C:\Users\PREDATOR\.p2\pool\plugins\com.google.guava.failureaccess_1.0.2.jar
2025-03-08 15:05:34,199 [Worker-172: Launching Day27-Docker-WebClientBank] INFO  o.e.m.i.launch.MavenLaunchDelegate - Run build in "F:\JAVA-J2EE\Day27-Docker-WebClientBank":
2025-03-08 15:05:34,199 [Worker-172: Launching Day27-Docker-WebClientBank] INFO  o.e.m.i.launch.MavenLaunchDelegate -  mvn  -B -Dmaven.test.skip=true -DskipTests -Dstyle.color=always clean install
2025-03-08 15:05:36,841 [Worker-169: Launching Day27-Docker-WebClientCustomer (1)] INFO  o.eclipse.m2e.core.internal.Bundles - getClasspathEntries(Bundle=org.eclipse.m2e.maven.runtime_3.9.900.20240824-1409 [638])
2025-03-08 15:05:36,842 [Worker-169: Launching Day27-Docker-WebClientCustomer (1)] INFO  o.eclipse.m2e.core.internal.Bundles - 	Entry: C:\Users\PREDATOR\.p2\pool\plugins\org.eclipse.m2e.maven.runtime_3.9.900.20240824-1409
2025-03-08 15:05:36,842 [Worker-169: Launching Day27-Docker-WebClientCustomer (1)] INFO  o.eclipse.m2e.core.internal.Bundles - 	Entry: C:\Users\PREDATOR\.p2\pool\plugins\org.eclipse.m2e.maven.runtime_3.9.900.20240824-1409\jars\aopalliance-1.0.jar
2025-03-08 15:05:36,842 [Worker-169: Launching Day27-Docker-WebClientCustomer (1)] INFO  o.eclipse.m2e.core.internal.Bundles - 	Entry: C:\Users\PREDATOR\.p2\pool\plugins\org.eclipse.m2e.maven.runtime_3.9.900.20240824-1409\jars\guice-5.1.0.jar
2025-03-08 15:05:36,842 [Worker-169: Launching Day27-Docker-WebClientCustomer (1)] INFO  o.eclipse.m2e.core.internal.Bundles - 	Entry: C:\Users\PREDATOR\.p2\pool\plugins\org.eclipse.m2e.maven.runtime_3.9.900.20240824-1409\jars\httpclient-4.5.14.jar
2025-03-08 15:05:36,842 [Worker-169: Launching Day27-Docker-WebClientCustomer (1)] INFO  o.eclipse.m2e.core.internal.Bundles - 	Entry: C:\Users\PREDATOR\.p2\pool\plugins\org.eclipse.m2e.maven.runtime_3.9.900.20240824-1409\jars\httpcore-4.4.16.jar
2025-03-08 15:05:36,842 [Worker-169: Launching Day27-Docker-WebClientCustomer (1)] INFO  o.eclipse.m2e.core.internal.Bundles - 	Entry: C:\Users\PREDATOR\.p2\pool\plugins\org.eclipse.m2e.maven.runtime_3.9.900.20240824-1409\jars\jansi-2.4.1.jar
2025-03-08 15:05:36,842 [Worker-169: Launching Day27-Docker-WebClientCustomer (1)] INFO  o.eclipse.m2e.core.internal.Bundles - 	Entry: C:\Users\PREDATOR\.p2\pool\plugins\org.eclipse.m2e.maven.runtime_3.9.900.20240824-1409\jars\jcl-over-slf4j-1.7.36.jar
2025-03-08 15:05:36,842 [Worker-169: Launching Day27-Docker-WebClientCustomer (1)] INFO  o.eclipse.m2e.core.internal.Bundles - 	Entry: C:\Users\PREDATOR\.p2\pool\plugins\org.eclipse.m2e.maven.runtime_3.9.900.20240824-1409\jars\maven-artifact-3.9.9.jar
2025-03-08 15:05:36,843 [Worker-169: Launching Day27-Docker-WebClientCustomer (1)] INFO  o.eclipse.m2e.core.internal.Bundles - 	Entry: C:\Users\PREDATOR\.p2\pool\plugins\org.eclipse.m2e.maven.runtime_3.9.900.20240824-1409\jars\maven-builder-support-3.9.9.jar
2025-03-08 15:05:36,843 [Worker-169: Launching Day27-Docker-WebClientCustomer (1)] INFO  o.eclipse.m2e.core.internal.Bundles - 	Entry: C:\Users\PREDATOR\.p2\pool\plugins\org.eclipse.m2e.maven.runtime_3.9.900.20240824-1409\jars\maven-compat-3.9.9.jar
2025-03-08 15:05:36,843 [Worker-169: Launching Day27-Docker-WebClientCustomer (1)] INFO  o.eclipse.m2e.core.internal.Bundles - 	Entry: C:\Users\PREDATOR\.p2\pool\plugins\org.eclipse.m2e.maven.runtime_3.9.900.20240824-1409\jars\maven-core-3.9.9.jar
2025-03-08 15:05:36,843 [Worker-169: Launching Day27-Docker-WebClientCustomer (1)] INFO  o.eclipse.m2e.core.internal.Bundles - 	Entry: C:\Users\PREDATOR\.p2\pool\plugins\org.eclipse.m2e.maven.runtime_3.9.900.20240824-1409\jars\maven-embedder-3.9.9.jar
2025-03-08 15:05:36,843 [Worker-169: Launching Day27-Docker-WebClientCustomer (1)] INFO  o.eclipse.m2e.core.internal.Bundles - 	Entry: C:\Users\PREDATOR\.p2\pool\plugins\org.eclipse.m2e.maven.runtime_3.9.900.20240824-1409\jars\maven-model-3.9.9.jar
2025-03-08 15:05:36,843 [Worker-169: Launching Day27-Docker-WebClientCustomer (1)] INFO  o.eclipse.m2e.core.internal.Bundles - 	Entry: C:\Users\PREDATOR\.p2\pool\plugins\org.eclipse.m2e.maven.runtime_3.9.900.20240824-1409\jars\maven-model-builder-3.9.9.jar
2025-03-08 15:05:36,844 [Worker-169: Launching Day27-Docker-WebClientCustomer (1)] INFO  o.eclipse.m2e.core.internal.Bundles - 	Entry: C:\Users\PREDATOR\.p2\pool\plugins\org.eclipse.m2e.maven.runtime_3.9.900.20240824-1409\jars\maven-plugin-api-3.9.9.jar
2025-03-08 15:05:36,844 [Worker-169: Launching Day27-Docker-WebClientCustomer (1)] INFO  o.eclipse.m2e.core.internal.Bundles - 	Entry: C:\Users\PREDATOR\.p2\pool\plugins\org.eclipse.m2e.maven.runtime_3.9.900.20240824-1409\jars\maven-repository-metadata-3.9.9.jar
2025-03-08 15:05:36,844 [Worker-169: Launching Day27-Docker-WebClientCustomer (1)] INFO  o.eclipse.m2e.core.internal.Bundles - 	Entry: C:\Users\PREDATOR\.p2\pool\plugins\org.eclipse.m2e.maven.runtime_3.9.900.20240824-1409\jars\maven-resolver-api-1.9.22.jar
2025-03-08 15:05:36,844 [Worker-169: Launching Day27-Docker-WebClientCustomer (1)] INFO  o.eclipse.m2e.core.internal.Bundles - 	Entry: C:\Users\PREDATOR\.p2\pool\plugins\org.eclipse.m2e.maven.runtime_3.9.900.20240824-1409\jars\maven-resolver-connector-basic-1.9.22.jar
2025-03-08 15:05:36,844 [Worker-169: Launching Day27-Docker-WebClientCustomer (1)] INFO  o.eclipse.m2e.core.internal.Bundles - 	Entry: C:\Users\PREDATOR\.p2\pool\plugins\org.eclipse.m2e.maven.runtime_3.9.900.20240824-1409\jars\maven-resolver-impl-1.9.22.jar
2025-03-08 15:05:36,844 [Worker-169: Launching Day27-Docker-WebClientCustomer (1)] INFO  o.eclipse.m2e.core.internal.Bundles - 	Entry: C:\Users\PREDATOR\.p2\pool\plugins\org.eclipse.m2e.maven.runtime_3.9.900.20240824-1409\jars\maven-resolver-named-locks-1.9.22.jar
2025-03-08 15:05:36,844 [Worker-169: Launching Day27-Docker-WebClientCustomer (1)] INFO  o.eclipse.m2e.core.internal.Bundles - 	Entry: C:\Users\PREDATOR\.p2\pool\plugins\org.eclipse.m2e.maven.runtime_3.9.900.20240824-1409\jars\maven-resolver-provider-3.9.9.jar
2025-03-08 15:05:36,844 [Worker-169: Launching Day27-Docker-WebClientCustomer (1)] INFO  o.eclipse.m2e.core.internal.Bundles - 	Entry: C:\Users\PREDATOR\.p2\pool\plugins\org.eclipse.m2e.maven.runtime_3.9.900.20240824-1409\jars\maven-resolver-spi-1.9.22.jar
2025-03-08 15:05:36,844 [Worker-169: Launching Day27-Docker-WebClientCustomer (1)] INFO  o.eclipse.m2e.core.internal.Bundles - 	Entry: C:\Users\PREDATOR\.p2\pool\plugins\org.eclipse.m2e.maven.runtime_3.9.900.20240824-1409\jars\maven-resolver-transport-file-1.9.22.jar
2025-03-08 15:05:36,844 [Worker-169: Launching Day27-Docker-WebClientCustomer (1)] INFO  o.eclipse.m2e.core.internal.Bundles - 	Entry: C:\Users\PREDATOR\.p2\pool\plugins\org.eclipse.m2e.maven.runtime_3.9.900.20240824-1409\jars\maven-resolver-transport-http-1.9.22.jar
2025-03-08 15:05:36,845 [Worker-169: Launching Day27-Docker-WebClientCustomer (1)] INFO  o.eclipse.m2e.core.internal.Bundles - 	Entry: C:\Users\PREDATOR\.p2\pool\plugins\org.eclipse.m2e.maven.runtime_3.9.900.20240824-1409\jars\maven-resolver-transport-wagon-1.9.22.jar
2025-03-08 15:05:36,845 [Worker-169: Launching Day27-Docker-WebClientCustomer (1)] INFO  o.eclipse.m2e.core.internal.Bundles - 	Entry: C:\Users\PREDATOR\.p2\pool\plugins\org.eclipse.m2e.maven.runtime_3.9.900.20240824-1409\jars\maven-resolver-util-1.9.22.jar
2025-03-08 15:05:36,845 [Worker-169: Launching Day27-Docker-WebClientCustomer (1)] INFO  o.eclipse.m2e.core.internal.Bundles - 	Entry: C:\Users\PREDATOR\.p2\pool\plugins\org.eclipse.m2e.maven.runtime_3.9.900.20240824-1409\jars\maven-settings-3.9.9.jar
2025-03-08 15:05:36,845 [Worker-169: Launching Day27-Docker-WebClientCustomer (1)] INFO  o.eclipse.m2e.core.internal.Bundles - 	Entry: C:\Users\PREDATOR\.p2\pool\plugins\org.eclipse.m2e.maven.runtime_3.9.900.20240824-1409\jars\maven-settings-builder-3.9.9.jar
2025-03-08 15:05:36,845 [Worker-169: Launching Day27-Docker-WebClientCustomer (1)] INFO  o.eclipse.m2e.core.internal.Bundles - 	Entry: C:\Users\PREDATOR\.p2\pool\plugins\org.eclipse.m2e.maven.runtime_3.9.900.20240824-1409\jars\maven-shared-utils-3.4.2.jar
2025-03-08 15:05:36,845 [Worker-169: Launching Day27-Docker-WebClientCustomer (1)] INFO  o.eclipse.m2e.core.internal.Bundles - 	Entry: C:\Users\PREDATOR\.p2\pool\plugins\org.eclipse.m2e.maven.runtime_3.9.900.20240824-1409\jars\org.eclipse.sisu.inject-0.9.0.M3.jar
2025-03-08 15:05:36,845 [Worker-169: Launching Day27-Docker-WebClientCustomer (1)] INFO  o.eclipse.m2e.core.internal.Bundles - 	Entry: C:\Users\PREDATOR\.p2\pool\plugins\org.eclipse.m2e.maven.runtime_3.9.900.20240824-1409\jars\org.eclipse.sisu.plexus-0.9.0.M3.jar
2025-03-08 15:05:36,845 [Worker-169: Launching Day27-Docker-WebClientCustomer (1)] INFO  o.eclipse.m2e.core.internal.Bundles - 	Entry: C:\Users\PREDATOR\.p2\pool\plugins\org.eclipse.m2e.maven.runtime_3.9.900.20240824-1409\jars\plexus-build-api-0.0.7.jar
2025-03-08 15:05:36,845 [Worker-169: Launching Day27-Docker-WebClientCustomer (1)] INFO  o.eclipse.m2e.core.internal.Bundles - 	Entry: C:\Users\PREDATOR\.p2\pool\plugins\org.eclipse.m2e.maven.runtime_3.9.900.20240824-1409\jars\plexus-build-api-1.2.0.jar
2025-03-08 15:05:36,846 [Worker-169: Launching Day27-Docker-WebClientCustomer (1)] INFO  o.eclipse.m2e.core.internal.Bundles - 	Entry: C:\Users\PREDATOR\.p2\pool\plugins\org.eclipse.m2e.maven.runtime_3.9.900.20240824-1409\jars\plexus-cipher-2.0.jar
2025-03-08 15:05:36,846 [Worker-169: Launching Day27-Docker-WebClientCustomer (1)] INFO  o.eclipse.m2e.core.internal.Bundles - 	Entry: C:\Users\PREDATOR\.p2\pool\plugins\org.eclipse.m2e.maven.runtime_3.9.900.20240824-1409\jars\plexus-classworlds-2.8.0.jar
2025-03-08 15:05:36,846 [Worker-169: Launching Day27-Docker-WebClientCustomer (1)] INFO  o.eclipse.m2e.core.internal.Bundles - 	Entry: C:\Users\PREDATOR\.p2\pool\plugins\org.eclipse.m2e.maven.runtime_3.9.900.20240824-1409\jars\plexus-component-annotations-2.1.0.jar
2025-03-08 15:05:36,846 [Worker-169: Launching Day27-Docker-WebClientCustomer (1)] INFO  o.eclipse.m2e.core.internal.Bundles - 	Entry: C:\Users\PREDATOR\.p2\pool\plugins\org.eclipse.m2e.maven.runtime_3.9.900.20240824-1409\jars\plexus-interpolation-1.27.jar
2025-03-08 15:05:36,846 [Worker-169: Launching Day27-Docker-WebClientCustomer (1)] INFO  o.eclipse.m2e.core.internal.Bundles - 	Entry: C:\Users\PREDATOR\.p2\pool\plugins\org.eclipse.m2e.maven.runtime_3.9.900.20240824-1409\jars\plexus-sec-dispatcher-2.0.jar
2025-03-08 15:05:36,846 [Worker-169: Launching Day27-Docker-WebClientCustomer (1)] INFO  o.eclipse.m2e.core.internal.Bundles - 	Entry: C:\Users\PREDATOR\.p2\pool\plugins\org.eclipse.m2e.maven.runtime_3.9.900.20240824-1409\jars\plexus-utils-3.5.1.jar
2025-03-08 15:05:36,847 [Worker-169: Launching Day27-Docker-WebClientCustomer (1)] INFO  o.eclipse.m2e.core.internal.Bundles - 	Entry: C:\Users\PREDATOR\.p2\pool\plugins\org.eclipse.m2e.maven.runtime_3.9.900.20240824-1409\jars\plexus-xml-3.0.1.jar
2025-03-08 15:05:36,847 [Worker-169: Launching Day27-Docker-WebClientCustomer (1)] INFO  o.eclipse.m2e.core.internal.Bundles - 	Entry: C:\Users\PREDATOR\.p2\pool\plugins\org.eclipse.m2e.maven.runtime_3.9.900.20240824-1409\jars\wagon-file-3.5.3.jar
2025-03-08 15:05:36,847 [Worker-169: Launching Day27-Docker-WebClientCustomer (1)] INFO  o.eclipse.m2e.core.internal.Bundles - 	Entry: C:\Users\PREDATOR\.p2\pool\plugins\org.eclipse.m2e.maven.runtime_3.9.900.20240824-1409\jars\wagon-http-3.5.3.jar
2025-03-08 15:05:36,847 [Worker-169: Launching Day27-Docker-WebClientCustomer (1)] INFO  o.eclipse.m2e.core.internal.Bundles - 	Entry: C:\Users\PREDATOR\.p2\pool\plugins\org.eclipse.m2e.maven.runtime_3.9.900.20240824-1409\jars\wagon-http-shared-3.5.3.jar
2025-03-08 15:05:36,847 [Worker-169: Launching Day27-Docker-WebClientCustomer (1)] INFO  o.eclipse.m2e.core.internal.Bundles - 	Entry: C:\Users\PREDATOR\.p2\pool\plugins\org.eclipse.m2e.maven.runtime_3.9.900.20240824-1409\jars\wagon-provider-api-3.5.3.jar
2025-03-08 15:05:36,847 [Worker-169: Launching Day27-Docker-WebClientCustomer (1)] INFO  o.eclipse.m2e.core.internal.Bundles - getClasspathEntries(Bundle=com.google.guava_33.3.1.jre [16])
2025-03-08 15:05:36,848 [Worker-169: Launching Day27-Docker-WebClientCustomer (1)] INFO  o.eclipse.m2e.core.internal.Bundles - 	Entry: C:\Users\PREDATOR\.p2\pool\plugins\com.google.guava_33.3.1.jre.jar
2025-03-08 15:05:36,848 [Worker-169: Launching Day27-Docker-WebClientCustomer (1)] INFO  o.eclipse.m2e.core.internal.Bundles - getClasspathEntries(Bundle=slf4j.api_2.0.16 [1005])
2025-03-08 15:05:36,848 [Worker-169: Launching Day27-Docker-WebClientCustomer (1)] INFO  o.eclipse.m2e.core.internal.Bundles - 	Entry: C:\Users\PREDATOR\.p2\pool\plugins\slf4j.api_2.0.16.jar
2025-03-08 15:05:36,848 [Worker-169: Launching Day27-Docker-WebClientCustomer (1)] INFO  o.eclipse.m2e.core.internal.Bundles - getClasspathEntries(Bundle=jakarta.inject.jakarta.inject-api_1.0.5 [34])
2025-03-08 15:05:36,848 [Worker-169: Launching Day27-Docker-WebClientCustomer (1)] INFO  o.eclipse.m2e.core.internal.Bundles - 	Entry: C:\Users\PREDATOR\.p2\pool\plugins\jakarta.inject.jakarta.inject-api_1.0.5.jar
2025-03-08 15:05:36,848 [Worker-169: Launching Day27-Docker-WebClientCustomer (1)] INFO  o.eclipse.m2e.core.internal.Bundles - getClasspathEntries(Bundle=jakarta.annotation-api_1.3.5 [29])
2025-03-08 15:05:36,848 [Worker-169: Launching Day27-Docker-WebClientCustomer (1)] INFO  o.eclipse.m2e.core.internal.Bundles - 	Entry: C:\Users\PREDATOR\.p2\pool\plugins\jakarta.annotation-api_1.3.5.jar
2025-03-08 15:05:36,848 [Worker-169: Launching Day27-Docker-WebClientCustomer (1)] INFO  o.eclipse.m2e.core.internal.Bundles - getClasspathEntries(Bundle=org.apache.commons.cli_1.9.0 [75])
2025-03-08 15:05:36,849 [Worker-169: Launching Day27-Docker-WebClientCustomer (1)] INFO  o.eclipse.m2e.core.internal.Bundles - 	Entry: C:\Users\PREDATOR\.p2\pool\plugins\org.apache.commons.cli_1.9.0.jar
2025-03-08 15:05:36,849 [Worker-169: Launching Day27-Docker-WebClientCustomer (1)] INFO  o.eclipse.m2e.core.internal.Bundles - getClasspathEntries(Bundle=org.apache.commons.commons-codec_1.16.0 [78])
2025-03-08 15:05:36,849 [Worker-169: Launching Day27-Docker-WebClientCustomer (1)] INFO  o.eclipse.m2e.core.internal.Bundles - 	Entry: C:\Users\PREDATOR\.p2\pool\plugins\org.apache.commons.commons-codec_1.16.0.jar
2025-03-08 15:05:36,849 [Worker-169: Launching Day27-Docker-WebClientCustomer (1)] INFO  o.eclipse.m2e.core.internal.Bundles - getClasspathEntries(Bundle=com.google.guava.failureaccess_1.0.2 [17])
2025-03-08 15:05:36,849 [Worker-169: Launching Day27-Docker-WebClientCustomer (1)] INFO  o.eclipse.m2e.core.internal.Bundles - 	Entry: C:\Users\PREDATOR\.p2\pool\plugins\com.google.guava.failureaccess_1.0.2.jar
2025-03-08 15:05:36,850 [Worker-169: Launching Day27-Docker-WebClientCustomer (1)] INFO  o.e.m.i.launch.MavenLaunchDelegate - Run build in "F:\JAVA-J2EE\Day27-Docker-WebClientCustomer":
2025-03-08 15:05:36,850 [Worker-169: Launching Day27-Docker-WebClientCustomer (1)] INFO  o.e.m.i.launch.MavenLaunchDelegate -  mvn  -B -Dmaven.test.skip=true -DskipTests -Dstyle.color=always clean install
2025-03-08 15:05:39,619 [Worker-169: Launching Day27-Docker-WebClientVendor] INFO  o.eclipse.m2e.core.internal.Bundles - getClasspathEntries(Bundle=org.eclipse.m2e.maven.runtime_3.9.900.20240824-1409 [638])
2025-03-08 15:05:39,621 [Worker-169: Launching Day27-Docker-WebClientVendor] INFO  o.eclipse.m2e.core.internal.Bundles - 	Entry: C:\Users\PREDATOR\.p2\pool\plugins\org.eclipse.m2e.maven.runtime_3.9.900.20240824-1409
2025-03-08 15:05:39,621 [Worker-169: Launching Day27-Docker-WebClientVendor] INFO  o.eclipse.m2e.core.internal.Bundles - 	Entry: C:\Users\PREDATOR\.p2\pool\plugins\org.eclipse.m2e.maven.runtime_3.9.900.20240824-1409\jars\aopalliance-1.0.jar
2025-03-08 15:05:39,621 [Worker-169: Launching Day27-Docker-WebClientVendor] INFO  o.eclipse.m2e.core.internal.Bundles - 	Entry: C:\Users\PREDATOR\.p2\pool\plugins\org.eclipse.m2e.maven.runtime_3.9.900.20240824-1409\jars\guice-5.1.0.jar
2025-03-08 15:05:39,621 [Worker-169: Launching Day27-Docker-WebClientVendor] INFO  o.eclipse.m2e.core.internal.Bundles - 	Entry: C:\Users\PREDATOR\.p2\pool\plugins\org.eclipse.m2e.maven.runtime_3.9.900.20240824-1409\jars\httpclient-4.5.14.jar
2025-03-08 15:05:39,621 [Worker-169: Launching Day27-Docker-WebClientVendor] INFO  o.eclipse.m2e.core.internal.Bundles - 	Entry: C:\Users\PREDATOR\.p2\pool\plugins\org.eclipse.m2e.maven.runtime_3.9.900.20240824-1409\jars\httpcore-4.4.16.jar
2025-03-08 15:05:39,621 [Worker-169: Launching Day27-Docker-WebClientVendor] INFO  o.eclipse.m2e.core.internal.Bundles - 	Entry: C:\Users\PREDATOR\.p2\pool\plugins\org.eclipse.m2e.maven.runtime_3.9.900.20240824-1409\jars\jansi-2.4.1.jar
2025-03-08 15:05:39,622 [Worker-169: Launching Day27-Docker-WebClientVendor] INFO  o.eclipse.m2e.core.internal.Bundles - 	Entry: C:\Users\PREDATOR\.p2\pool\plugins\org.eclipse.m2e.maven.runtime_3.9.900.20240824-1409\jars\jcl-over-slf4j-1.7.36.jar
2025-03-08 15:05:39,622 [Worker-169: Launching Day27-Docker-WebClientVendor] INFO  o.eclipse.m2e.core.internal.Bundles - 	Entry: C:\Users\PREDATOR\.p2\pool\plugins\org.eclipse.m2e.maven.runtime_3.9.900.20240824-1409\jars\maven-artifact-3.9.9.jar
2025-03-08 15:05:39,622 [Worker-169: Launching Day27-Docker-WebClientVendor] INFO  o.eclipse.m2e.core.internal.Bundles - 	Entry: C:\Users\PREDATOR\.p2\pool\plugins\org.eclipse.m2e.maven.runtime_3.9.900.20240824-1409\jars\maven-builder-support-3.9.9.jar
2025-03-08 15:05:39,622 [Worker-169: Launching Day27-Docker-WebClientVendor] INFO  o.eclipse.m2e.core.internal.Bundles - 	Entry: C:\Users\PREDATOR\.p2\pool\plugins\org.eclipse.m2e.maven.runtime_3.9.900.20240824-1409\jars\maven-compat-3.9.9.jar
2025-03-08 15:05:39,622 [Worker-169: Launching Day27-Docker-WebClientVendor] INFO  o.eclipse.m2e.core.internal.Bundles - 	Entry: C:\Users\PREDATOR\.p2\pool\plugins\org.eclipse.m2e.maven.runtime_3.9.900.20240824-1409\jars\maven-core-3.9.9.jar
2025-03-08 15:05:39,622 [Worker-169: Launching Day27-Docker-WebClientVendor] INFO  o.eclipse.m2e.core.internal.Bundles - 	Entry: C:\Users\PREDATOR\.p2\pool\plugins\org.eclipse.m2e.maven.runtime_3.9.900.20240824-1409\jars\maven-embedder-3.9.9.jar
2025-03-08 15:05:39,625 [Worker-169: Launching Day27-Docker-WebClientVendor] INFO  o.eclipse.m2e.core.internal.Bundles - 	Entry: C:\Users\PREDATOR\.p2\pool\plugins\org.eclipse.m2e.maven.runtime_3.9.900.20240824-1409\jars\maven-model-3.9.9.jar
2025-03-08 15:05:39,626 [Worker-169: Launching Day27-Docker-WebClientVendor] INFO  o.eclipse.m2e.core.internal.Bundles - 	Entry: C:\Users\PREDATOR\.p2\pool\plugins\org.eclipse.m2e.maven.runtime_3.9.900.20240824-1409\jars\maven-model-builder-3.9.9.jar
2025-03-08 15:05:39,628 [Worker-169: Launching Day27-Docker-WebClientVendor] INFO  o.eclipse.m2e.core.internal.Bundles - 	Entry: C:\Users\PREDATOR\.p2\pool\plugins\org.eclipse.m2e.maven.runtime_3.9.900.20240824-1409\jars\maven-plugin-api-3.9.9.jar
2025-03-08 15:05:39,628 [Worker-169: Launching Day27-Docker-WebClientVendor] INFO  o.eclipse.m2e.core.internal.Bundles - 	Entry: C:\Users\PREDATOR\.p2\pool\plugins\org.eclipse.m2e.maven.runtime_3.9.900.20240824-1409\jars\maven-repository-metadata-3.9.9.jar
2025-03-08 15:05:39,628 [Worker-169: Launching Day27-Docker-WebClientVendor] INFO  o.eclipse.m2e.core.internal.Bundles - 	Entry: C:\Users\PREDATOR\.p2\pool\plugins\org.eclipse.m2e.maven.runtime_3.9.900.20240824-1409\jars\maven-resolver-api-1.9.22.jar
2025-03-08 15:05:39,628 [Worker-169: Launching Day27-Docker-WebClientVendor] INFO  o.eclipse.m2e.core.internal.Bundles - 	Entry: C:\Users\PREDATOR\.p2\pool\plugins\org.eclipse.m2e.maven.runtime_3.9.900.20240824-1409\jars\maven-resolver-connector-basic-1.9.22.jar
2025-03-08 15:05:39,628 [Worker-169: Launching Day27-Docker-WebClientVendor] INFO  o.eclipse.m2e.core.internal.Bundles - 	Entry: C:\Users\PREDATOR\.p2\pool\plugins\org.eclipse.m2e.maven.runtime_3.9.900.20240824-1409\jars\maven-resolver-impl-1.9.22.jar
2025-03-08 15:05:39,628 [Worker-169: Launching Day27-Docker-WebClientVendor] INFO  o.eclipse.m2e.core.internal.Bundles - 	Entry: C:\Users\PREDATOR\.p2\pool\plugins\org.eclipse.m2e.maven.runtime_3.9.900.20240824-1409\jars\maven-resolver-named-locks-1.9.22.jar
2025-03-08 15:05:39,630 [Worker-169: Launching Day27-Docker-WebClientVendor] INFO  o.eclipse.m2e.core.internal.Bundles - 	Entry: C:\Users\PREDATOR\.p2\pool\plugins\org.eclipse.m2e.maven.runtime_3.9.900.20240824-1409\jars\maven-resolver-provider-3.9.9.jar
2025-03-08 15:05:39,630 [Worker-169: Launching Day27-Docker-WebClientVendor] INFO  o.eclipse.m2e.core.internal.Bundles - 	Entry: C:\Users\PREDATOR\.p2\pool\plugins\org.eclipse.m2e.maven.runtime_3.9.900.20240824-1409\jars\maven-resolver-spi-1.9.22.jar
2025-03-08 15:05:39,630 [Worker-169: Launching Day27-Docker-WebClientVendor] INFO  o.eclipse.m2e.core.internal.Bundles - 	Entry: C:\Users\PREDATOR\.p2\pool\plugins\org.eclipse.m2e.maven.runtime_3.9.900.20240824-1409\jars\maven-resolver-transport-file-1.9.22.jar
2025-03-08 15:05:39,631 [Worker-169: Launching Day27-Docker-WebClientVendor] INFO  o.eclipse.m2e.core.internal.Bundles - 	Entry: C:\Users\PREDATOR\.p2\pool\plugins\org.eclipse.m2e.maven.runtime_3.9.900.20240824-1409\jars\maven-resolver-transport-http-1.9.22.jar
2025-03-08 15:05:39,631 [Worker-169: Launching Day27-Docker-WebClientVendor] INFO  o.eclipse.m2e.core.internal.Bundles - 	Entry: C:\Users\PREDATOR\.p2\pool\plugins\org.eclipse.m2e.maven.runtime_3.9.900.20240824-1409\jars\maven-resolver-transport-wagon-1.9.22.jar
2025-03-08 15:05:39,631 [Worker-169: Launching Day27-Docker-WebClientVendor] INFO  o.eclipse.m2e.core.internal.Bundles - 	Entry: C:\Users\PREDATOR\.p2\pool\plugins\org.eclipse.m2e.maven.runtime_3.9.900.20240824-1409\jars\maven-resolver-util-1.9.22.jar
2025-03-08 15:05:39,631 [Worker-169: Launching Day27-Docker-WebClientVendor] INFO  o.eclipse.m2e.core.internal.Bundles - 	Entry: C:\Users\PREDATOR\.p2\pool\plugins\org.eclipse.m2e.maven.runtime_3.9.900.20240824-1409\jars\maven-settings-3.9.9.jar
2025-03-08 15:05:39,631 [Worker-169: Launching Day27-Docker-WebClientVendor] INFO  o.eclipse.m2e.core.internal.Bundles - 	Entry: C:\Users\PREDATOR\.p2\pool\plugins\org.eclipse.m2e.maven.runtime_3.9.900.20240824-1409\jars\maven-settings-builder-3.9.9.jar
2025-03-08 15:05:39,633 [Worker-169: Launching Day27-Docker-WebClientVendor] INFO  o.eclipse.m2e.core.internal.Bundles - 	Entry: C:\Users\PREDATOR\.p2\pool\plugins\org.eclipse.m2e.maven.runtime_3.9.900.20240824-1409\jars\maven-shared-utils-3.4.2.jar
2025-03-08 15:05:39,636 [Worker-169: Launching Day27-Docker-WebClientVendor] INFO  o.eclipse.m2e.core.internal.Bundles - 	Entry: C:\Users\PREDATOR\.p2\pool\plugins\org.eclipse.m2e.maven.runtime_3.9.900.20240824-1409\jars\org.eclipse.sisu.inject-0.9.0.M3.jar
2025-03-08 15:05:39,637 [Worker-169: Launching Day27-Docker-WebClientVendor] INFO  o.eclipse.m2e.core.internal.Bundles - 	Entry: C:\Users\PREDATOR\.p2\pool\plugins\org.eclipse.m2e.maven.runtime_3.9.900.20240824-1409\jars\org.eclipse.sisu.plexus-0.9.0.M3.jar
2025-03-08 15:05:39,637 [Worker-169: Launching Day27-Docker-WebClientVendor] INFO  o.eclipse.m2e.core.internal.Bundles - 	Entry: C:\Users\PREDATOR\.p2\pool\plugins\org.eclipse.m2e.maven.runtime_3.9.900.20240824-1409\jars\plexus-build-api-0.0.7.jar
2025-03-08 15:05:39,637 [Worker-169: Launching Day27-Docker-WebClientVendor] INFO  o.eclipse.m2e.core.internal.Bundles - 	Entry: C:\Users\PREDATOR\.p2\pool\plugins\org.eclipse.m2e.maven.runtime_3.9.900.20240824-1409\jars\plexus-build-api-1.2.0.jar
2025-03-08 15:05:39,637 [Worker-169: Launching Day27-Docker-WebClientVendor] INFO  o.eclipse.m2e.core.internal.Bundles - 	Entry: C:\Users\PREDATOR\.p2\pool\plugins\org.eclipse.m2e.maven.runtime_3.9.900.20240824-1409\jars\plexus-cipher-2.0.jar
2025-03-08 15:05:39,638 [Worker-169: Launching Day27-Docker-WebClientVendor] INFO  o.eclipse.m2e.core.internal.Bundles - 	Entry: C:\Users\PREDATOR\.p2\pool\plugins\org.eclipse.m2e.maven.runtime_3.9.900.20240824-1409\jars\plexus-classworlds-2.8.0.jar
2025-03-08 15:05:39,638 [Worker-169: Launching Day27-Docker-WebClientVendor] INFO  o.eclipse.m2e.core.internal.Bundles - 	Entry: C:\Users\PREDATOR\.p2\pool\plugins\org.eclipse.m2e.maven.runtime_3.9.900.20240824-1409\jars\plexus-component-annotations-2.1.0.jar
2025-03-08 15:05:39,638 [Worker-169: Launching Day27-Docker-WebClientVendor] INFO  o.eclipse.m2e.core.internal.Bundles - 	Entry: C:\Users\PREDATOR\.p2\pool\plugins\org.eclipse.m2e.maven.runtime_3.9.900.20240824-1409\jars\plexus-interpolation-1.27.jar
2025-03-08 15:05:39,644 [Worker-169: Launching Day27-Docker-WebClientVendor] INFO  o.eclipse.m2e.core.internal.Bundles - 	Entry: C:\Users\PREDATOR\.p2\pool\plugins\org.eclipse.m2e.maven.runtime_3.9.900.20240824-1409\jars\plexus-sec-dispatcher-2.0.jar
2025-03-08 15:05:39,645 [Worker-169: Launching Day27-Docker-WebClientVendor] INFO  o.eclipse.m2e.core.internal.Bundles - 	Entry: C:\Users\PREDATOR\.p2\pool\plugins\org.eclipse.m2e.maven.runtime_3.9.900.20240824-1409\jars\plexus-utils-3.5.1.jar
2025-03-08 15:05:39,645 [Worker-169: Launching Day27-Docker-WebClientVendor] INFO  o.eclipse.m2e.core.internal.Bundles - 	Entry: C:\Users\PREDATOR\.p2\pool\plugins\org.eclipse.m2e.maven.runtime_3.9.900.20240824-1409\jars\plexus-xml-3.0.1.jar
2025-03-08 15:05:39,645 [Worker-169: Launching Day27-Docker-WebClientVendor] INFO  o.eclipse.m2e.core.internal.Bundles - 	Entry: C:\Users\PREDATOR\.p2\pool\plugins\org.eclipse.m2e.maven.runtime_3.9.900.20240824-1409\jars\wagon-file-3.5.3.jar
2025-03-08 15:05:39,645 [Worker-169: Launching Day27-Docker-WebClientVendor] INFO  o.eclipse.m2e.core.internal.Bundles - 	Entry: C:\Users\PREDATOR\.p2\pool\plugins\org.eclipse.m2e.maven.runtime_3.9.900.20240824-1409\jars\wagon-http-3.5.3.jar
2025-03-08 15:05:39,646 [Worker-169: Launching Day27-Docker-WebClientVendor] INFO  o.eclipse.m2e.core.internal.Bundles - 	Entry: C:\Users\PREDATOR\.p2\pool\plugins\org.eclipse.m2e.maven.runtime_3.9.900.20240824-1409\jars\wagon-http-shared-3.5.3.jar
2025-03-08 15:05:39,646 [Worker-169: Launching Day27-Docker-WebClientVendor] INFO  o.eclipse.m2e.core.internal.Bundles - 	Entry: C:\Users\PREDATOR\.p2\pool\plugins\org.eclipse.m2e.maven.runtime_3.9.900.20240824-1409\jars\wagon-provider-api-3.5.3.jar
2025-03-08 15:05:39,646 [Worker-169: Launching Day27-Docker-WebClientVendor] INFO  o.eclipse.m2e.core.internal.Bundles - getClasspathEntries(Bundle=com.google.guava_33.3.1.jre [16])
2025-03-08 15:05:39,646 [Worker-169: Launching Day27-Docker-WebClientVendor] INFO  o.eclipse.m2e.core.internal.Bundles - 	Entry: C:\Users\PREDATOR\.p2\pool\plugins\com.google.guava_33.3.1.jre.jar
2025-03-08 15:05:39,646 [Worker-169: Launching Day27-Docker-WebClientVendor] INFO  o.eclipse.m2e.core.internal.Bundles - getClasspathEntries(Bundle=slf4j.api_2.0.16 [1005])
2025-03-08 15:05:39,647 [Worker-169: Launching Day27-Docker-WebClientVendor] INFO  o.eclipse.m2e.core.internal.Bundles - 	Entry: C:\Users\PREDATOR\.p2\pool\plugins\slf4j.api_2.0.16.jar
2025-03-08 15:05:39,647 [Worker-169: Launching Day27-Docker-WebClientVendor] INFO  o.eclipse.m2e.core.internal.Bundles - getClasspathEntries(Bundle=jakarta.inject.jakarta.inject-api_1.0.5 [34])
2025-03-08 15:05:39,647 [Worker-169: Launching Day27-Docker-WebClientVendor] INFO  o.eclipse.m2e.core.internal.Bundles - 	Entry: C:\Users\PREDATOR\.p2\pool\plugins\jakarta.inject.jakarta.inject-api_1.0.5.jar
2025-03-08 15:05:39,647 [Worker-169: Launching Day27-Docker-WebClientVendor] INFO  o.eclipse.m2e.core.internal.Bundles - getClasspathEntries(Bundle=jakarta.annotation-api_1.3.5 [29])
2025-03-08 15:05:39,647 [Worker-169: Launching Day27-Docker-WebClientVendor] INFO  o.eclipse.m2e.core.internal.Bundles - 	Entry: C:\Users\PREDATOR\.p2\pool\plugins\jakarta.annotation-api_1.3.5.jar
2025-03-08 15:05:39,647 [Worker-169: Launching Day27-Docker-WebClientVendor] INFO  o.eclipse.m2e.core.internal.Bundles - getClasspathEntries(Bundle=org.apache.commons.cli_1.9.0 [75])
2025-03-08 15:05:39,648 [Worker-169: Launching Day27-Docker-WebClientVendor] INFO  o.eclipse.m2e.core.internal.Bundles - 	Entry: C:\Users\PREDATOR\.p2\pool\plugins\org.apache.commons.cli_1.9.0.jar
2025-03-08 15:05:39,648 [Worker-169: Launching Day27-Docker-WebClientVendor] INFO  o.eclipse.m2e.core.internal.Bundles - getClasspathEntries(Bundle=org.apache.commons.commons-codec_1.16.0 [78])
2025-03-08 15:05:39,648 [Worker-169: Launching Day27-Docker-WebClientVendor] INFO  o.eclipse.m2e.core.internal.Bundles - 	Entry: C:\Users\PREDATOR\.p2\pool\plugins\org.apache.commons.commons-codec_1.16.0.jar
2025-03-08 15:05:39,648 [Worker-169: Launching Day27-Docker-WebClientVendor] INFO  o.eclipse.m2e.core.internal.Bundles - getClasspathEntries(Bundle=com.google.guava.failureaccess_1.0.2 [17])
2025-03-08 15:05:39,649 [Worker-169: Launching Day27-Docker-WebClientVendor] INFO  o.eclipse.m2e.core.internal.Bundles - 	Entry: C:\Users\PREDATOR\.p2\pool\plugins\com.google.guava.failureaccess_1.0.2.jar
2025-03-08 15:05:39,649 [Worker-169: Launching Day27-Docker-WebClientVendor] INFO  o.e.m.i.launch.MavenLaunchDelegate - Run build in "F:\JAVA-J2EE\Day27-Docker-WebClientVendor":
2025-03-08 15:05:39,649 [Worker-169: Launching Day27-Docker-WebClientVendor] INFO  o.e.m.i.launch.MavenLaunchDelegate -  mvn  -B -Dmaven.test.skip=true -DskipTests -Dstyle.color=always clean install
2025-03-08 15:50:13,774 [Worker-5: Loading available Gradle versions] INFO  o.e.b.c.i.u.g.PublishedGradleVersions - Gradle version information cache is out-of-date. Trying to update.
2025-03-08 15:50:28,054 [Worker-9: Building] INFO  o.a.m.s.f.DefaultMavenResourcesFiltering - Copying 1 resource from src\main\resources to target\classes
2025-03-08 15:50:28,081 [Worker-9: Building] INFO  o.a.m.s.f.DefaultMavenResourcesFiltering - Copying 1 resource from src\main\resources to target\classes
2025-03-08 15:50:28,148 [Worker-9: Building] INFO  o.a.m.s.f.DefaultMavenResourcesFiltering - skip non existing resourceDirectory F:\JAVA-J2EE\Day19-SpringBoot\src\test\resources
2025-03-08 15:50:29,812 [Worker-9: Building] INFO  o.a.m.s.f.DefaultMavenResourcesFiltering - Copying 1 resource from src\main\resources to target\classes
2025-03-08 15:50:29,830 [Worker-9: Building] INFO  o.a.m.s.f.DefaultMavenResourcesFiltering - Copying 0 resource from src\main\resources to target\classes
2025-03-08 15:50:29,834 [Worker-9: Building] INFO  o.a.m.s.f.DefaultMavenResourcesFiltering - skip non existing resourceDirectory F:\JAVA-J2EE\Day20-SpringBootAPIPaged\src\test\resources
2025-03-08 15:50:31,256 [Worker-9: Building] INFO  o.a.m.s.f.DefaultMavenResourcesFiltering - Copying 1 resource from src\main\resources to target\classes
2025-03-08 15:50:31,268 [Worker-9: Building] INFO  o.a.m.s.f.DefaultMavenResourcesFiltering - Copying 0 resource from src\main\resources to target\classes
2025-03-08 15:50:31,271 [Worker-9: Building] INFO  o.a.m.s.f.DefaultMavenResourcesFiltering - skip non existing resourceDirectory F:\JAVA-J2EE\Day21-ProperRestAPI\src\test\resources
2025-03-08 15:50:33,315 [Worker-9: Building] INFO  o.a.m.s.f.DefaultMavenResourcesFiltering - Copying 1 resource from src\main\resources to target\classes
2025-03-08 15:50:33,326 [Worker-9: Building] INFO  o.a.m.s.f.DefaultMavenResourcesFiltering - Copying 0 resource from src\main\resources to target\classes
2025-03-08 15:50:33,331 [Worker-9: Building] INFO  o.a.m.s.f.DefaultMavenResourcesFiltering - skip non existing resourceDirectory F:\JAVA-J2EE\Day21-RestDTO\src\test\resources
2025-03-08 15:50:35,738 [Worker-9: Building] INFO  o.e.m.c.i.p.WorkspaceClassifierResolverManager - Resolving P/Day13-SpringModelAttribute: com.javatpoint:SpringMVC:0.0.1-SNAPSHOT with classifier  to /Day13-SpringModelAttribute/target/classes
2025-03-08 15:50:35,739 [Worker-9: Building] INFO  o.e.m.c.i.p.WorkspaceClassifierResolverManager - Resolving P/Day18-SpringHiberORM: com.example:SpringORMHibernate:1.0-SNAPSHOT with classifier  to /Day18-SpringHiberORM/target/classes
2025-03-08 15:50:36,062 [Worker-9: Building] INFO  o.a.m.s.f.DefaultMavenResourcesFiltering - Copying 1 resource from src\main\resources to target\classes
2025-03-08 15:50:36,077 [Worker-9: Building] INFO  o.a.m.s.f.DefaultMavenResourcesFiltering - Copying 0 resource from src\main\resources to target\classes
2025-03-08 15:50:36,082 [Worker-9: Building] INFO  o.a.m.s.f.DefaultMavenResourcesFiltering - skip non existing resourceDirectory F:\JAVA-J2EE\Day22-DualAPI\src\test\resources
2025-03-08 15:50:37,724 [Worker-9: Building] INFO  o.a.m.s.f.DefaultMavenResourcesFiltering - Copying 1 resource from src\main\resources to target\classes
2025-03-08 15:50:37,744 [Worker-9: Building] INFO  o.a.m.s.f.DefaultMavenResourcesFiltering - Copying 0 resource from src\main\resources to target\classes
2025-03-08 15:50:37,748 [Worker-9: Building] INFO  o.a.m.s.f.DefaultMavenResourcesFiltering - skip non existing resourceDirectory F:\JAVA-J2EE\Day22-FeignClientBankAPI\src\test\resources
2025-03-08 15:50:39,578 [Worker-9: Building] INFO  o.e.m.c.i.p.WorkspaceClassifierResolverManager - Resolving P/Day21-ProperRestAPI: com.wipro:Day21-RestAPI:0.0.1-SNAPSHOT with classifier  to /Day21-ProperRestAPI/target/classes
2025-03-08 15:50:39,728 [Worker-9: Building] INFO  o.a.m.s.f.DefaultMavenResourcesFiltering - Copying 1 resource from src\main\resources to target\classes
2025-03-08 15:50:39,748 [Worker-9: Building] INFO  o.a.m.s.f.DefaultMavenResourcesFiltering - Copying 0 resource from src\main\resources to target\classes
2025-03-08 15:50:39,752 [Worker-9: Building] INFO  o.a.m.s.f.DefaultMavenResourcesFiltering - skip non existing resourceDirectory F:\JAVA-J2EE\Day22-FeignClientCustomerAPI\src\test\resources
2025-03-08 15:50:41,025 [Worker-9: Building] INFO  o.a.m.s.f.DefaultMavenResourcesFiltering - Copying 1 resource from src\main\resources to target\classes
2025-03-08 15:50:41,037 [Worker-9: Building] INFO  o.a.m.s.f.DefaultMavenResourcesFiltering - Copying 0 resource from src\main\resources to target\classes
2025-03-08 15:50:41,041 [Worker-9: Building] INFO  o.a.m.s.f.DefaultMavenResourcesFiltering - skip non existing resourceDirectory F:\JAVA-J2EE\Day22-RESTBankAPI\src\test\resources
2025-03-08 15:50:42,453 [Worker-9: Building] INFO  o.e.m.c.i.p.WorkspaceClassifierResolverManager - Resolving P/Day21-ProperRestAPI: com.wipro:Day21-RestAPI:0.0.1-SNAPSHOT with classifier  to /Day21-ProperRestAPI/target/classes
2025-03-08 15:50:42,587 [Worker-9: Building] INFO  o.a.m.s.f.DefaultMavenResourcesFiltering - Copying 1 resource from src\main\resources to target\classes
2025-03-08 15:50:42,599 [Worker-9: Building] INFO  o.a.m.s.f.DefaultMavenResourcesFiltering - Copying 0 resource from src\main\resources to target\classes
2025-03-08 15:50:42,602 [Worker-9: Building] INFO  o.a.m.s.f.DefaultMavenResourcesFiltering - skip non existing resourceDirectory F:\JAVA-J2EE\Day22-RESTCustomerAPI\src\test\resources
2025-03-08 15:50:44,138 [Worker-9: Building] INFO  o.e.m.c.i.p.WorkspaceClassifierResolverManager - Resolving P/Day22-FeignClientCustomerAPI: com.wipro:Day22-CustomerAPI:0.0.1-SNAPSHOT with classifier  to /Day22-FeignClientCustomerAPI/target/classes
2025-03-08 15:50:44,160 [Worker-9: Building] INFO  o.e.m.c.i.p.WorkspaceClassifierResolverManager - Resolving P/Day21-ProperRestAPI: com.wipro:Day21-RestAPI:0.0.1-SNAPSHOT with classifier  to /Day21-ProperRestAPI/target/classes
2025-03-08 15:50:44,326 [Worker-9: Building] INFO  o.a.m.s.f.DefaultMavenResourcesFiltering - Copying 1 resource from src\main\resources to target\classes
2025-03-08 15:50:44,345 [Worker-9: Building] INFO  o.a.m.s.f.DefaultMavenResourcesFiltering - Copying 0 resource from src\main\resources to target\classes
2025-03-08 15:50:44,349 [Worker-9: Building] INFO  o.a.m.s.f.DefaultMavenResourcesFiltering - Copying 0 resource from src\test\resources to target\test-classes
2025-03-08 15:50:45,471 [Worker-9: Building] INFO  o.a.m.s.f.DefaultMavenResourcesFiltering - Copying 1 resource from src\main\resources to target\classes
2025-03-08 15:50:45,489 [Worker-9: Building] INFO  o.a.m.s.f.DefaultMavenResourcesFiltering - Copying 0 resource from src\main\resources to target\classes
2025-03-08 15:50:45,492 [Worker-9: Building] INFO  o.a.m.s.f.DefaultMavenResourcesFiltering - skip non existing resourceDirectory F:\JAVA-J2EE\Day22-ReactiveSpringBoot_demo\src\test\resources
2025-03-08 15:50:46,718 [Worker-9: Building] INFO  o.a.m.s.f.DefaultMavenResourcesFiltering - Copying 1 resource from src\main\resources to target\classes
2025-03-08 15:50:46,727 [Worker-9: Building] INFO  o.a.m.s.f.DefaultMavenResourcesFiltering - Copying 0 resource from src\main\resources to target\classes
2025-03-08 15:50:46,731 [Worker-9: Building] INFO  o.a.m.s.f.DefaultMavenResourcesFiltering - skip non existing resourceDirectory F:\JAVA-J2EE\Day22-SpringBootSwaggerUI\src\test\resources
2025-03-08 15:50:47,757 [Worker-9: Building] INFO  o.a.m.s.f.DefaultMavenResourcesFiltering - Copying 1 resource from src\main\resources to target\classes
2025-03-08 15:50:47,770 [Worker-9: Building] INFO  o.a.m.s.f.DefaultMavenResourcesFiltering - Copying 0 resource from src\main\resources to target\classes
2025-03-08 15:50:47,774 [Worker-9: Building] INFO  o.a.m.s.f.DefaultMavenResourcesFiltering - skip non existing resourceDirectory F:\JAVA-J2EE\Day22-WebClientBankAPI\src\test\resources
2025-03-08 15:50:49,077 [Worker-9: Building] INFO  o.e.m.c.i.p.WorkspaceClassifierResolverManager - Resolving P/Day21-ProperRestAPI: com.wipro:Day21-RestAPI:0.0.1-SNAPSHOT with classifier  to /Day21-ProperRestAPI/target/classes
2025-03-08 15:50:49,221 [Worker-9: Building] INFO  o.a.m.s.f.DefaultMavenResourcesFiltering - Copying 1 resource from src\main\resources to target\classes
2025-03-08 15:50:49,231 [Worker-9: Building] INFO  o.a.m.s.f.DefaultMavenResourcesFiltering - Copying 0 resource from src\main\resources to target\classes
2025-03-08 15:50:49,235 [Worker-9: Building] INFO  o.a.m.s.f.DefaultMavenResourcesFiltering - skip non existing resourceDirectory F:\JAVA-J2EE\Day22-WebClientCustomerAPI\src\test\resources
2025-03-08 15:50:50,755 [Worker-9: Building] INFO  o.a.m.s.f.DefaultMavenResourcesFiltering - Copying 2 resources from src\main\resources to target\classes
2025-03-08 15:50:50,783 [Worker-9: Building] INFO  o.a.m.s.f.DefaultMavenResourcesFiltering - Copying 0 resource from src\main\resources to target\classes
2025-03-08 15:50:50,787 [Worker-9: Building] INFO  o.a.m.s.f.DefaultMavenResourcesFiltering - skip non existing resourceDirectory F:\JAVA-J2EE\Day23-APIGateawayDemo\src\test\resources
2025-03-08 15:50:52,247 [Worker-9: Building] INFO  o.a.m.s.f.DefaultMavenResourcesFiltering - Copying 1 resource from src\main\resources to target\classes
2025-03-08 15:50:52,278 [Worker-9: Building] INFO  o.a.m.s.f.DefaultMavenResourcesFiltering - Copying 0 resource from src\main\resources to target\classes
2025-03-08 15:50:52,281 [Worker-9: Building] INFO  o.a.m.s.f.DefaultMavenResourcesFiltering - skip non existing resourceDirectory F:\JAVA-J2EE\Day23-EurekaServer\src\test\resources
2025-03-08 15:50:53,304 [Worker-9: Building] INFO  o.a.m.s.f.DefaultMavenResourcesFiltering - Copying 1 resource from src\main\resources to target\classes
2025-03-08 15:50:53,332 [Worker-9: Building] INFO  o.a.m.s.f.DefaultMavenResourcesFiltering - Copying 0 resource from src\main\resources to target\classes
2025-03-08 15:50:53,334 [Worker-9: Building] INFO  o.a.m.s.f.DefaultMavenResourcesFiltering - skip non existing resourceDirectory F:\JAVA-J2EE\Day23-ServerA\src\test\resources
2025-03-08 15:50:54,355 [Worker-9: Building] INFO  o.a.m.s.f.DefaultMavenResourcesFiltering - Copying 1 resource from src\main\resources to target\classes
2025-03-08 15:50:54,394 [Worker-9: Building] INFO  o.a.m.s.f.DefaultMavenResourcesFiltering - Copying 0 resource from src\main\resources to target\classes
2025-03-08 15:50:54,397 [Worker-9: Building] INFO  o.a.m.s.f.DefaultMavenResourcesFiltering - skip non existing resourceDirectory F:\JAVA-J2EE\Day23-ServerB\src\test\resources
2025-03-08 15:50:55,662 [Worker-9: Building] INFO  o.a.m.s.f.DefaultMavenResourcesFiltering - Copying 3 resources from src\main\resources to target\classes
2025-03-08 15:50:55,696 [Worker-9: Building] INFO  o.a.m.s.f.DefaultMavenResourcesFiltering - Copying 0 resource from src\main\resources to target\classes
2025-03-08 15:50:55,700 [Worker-9: Building] INFO  o.a.m.s.f.DefaultMavenResourcesFiltering - skip non existing resourceDirectory F:\JAVA-J2EE\Day23-ServerBank\src\test\resources
2025-03-08 15:50:56,964 [Worker-9: Building] INFO  o.a.m.s.f.DefaultMavenResourcesFiltering - Copying 3 resources from src\main\resources to target\classes
2025-03-08 15:50:57,047 [Worker-9: Building] INFO  o.a.m.s.f.DefaultMavenResourcesFiltering - Copying 0 resource from src\main\resources to target\classes
2025-03-08 15:50:57,051 [Worker-9: Building] INFO  o.a.m.s.f.DefaultMavenResourcesFiltering - skip non existing resourceDirectory F:\JAVA-J2EE\Day23-ServerCustomer\src\test\resources
2025-03-08 15:50:58,208 [Worker-9: Building] INFO  o.a.m.s.f.DefaultMavenResourcesFiltering - Copying 1 resource from src\main\resources to target\classes
2025-03-08 15:50:58,225 [Worker-9: Building] INFO  o.a.m.s.f.DefaultMavenResourcesFiltering - Copying 1 resource from src\main\resources to target\classes
2025-03-08 15:50:58,229 [Worker-9: Building] INFO  o.a.m.s.f.DefaultMavenResourcesFiltering - skip non existing resourceDirectory F:\JAVA-J2EE\Day23-ServerEmployee\src\test\resources
2025-03-08 15:50:59,547 [Worker-9: Building] INFO  o.a.m.s.f.DefaultMavenResourcesFiltering - Copying 2 resources from src\main\resources to target\classes
2025-03-08 15:50:59,571 [Worker-9: Building] INFO  o.a.m.s.f.DefaultMavenResourcesFiltering - Copying 0 resource from src\main\resources to target\classes
2025-03-08 15:50:59,574 [Worker-9: Building] INFO  o.a.m.s.f.DefaultMavenResourcesFiltering - skip non existing resourceDirectory F:\JAVA-J2EE\Day24-APIGateaway\src\test\resources
2025-03-08 15:51:00,728 [Worker-9: Building] INFO  o.a.m.s.f.DefaultMavenResourcesFiltering - Copying 1 resource from src\main\resources to target\classes
2025-03-08 15:51:00,747 [Worker-9: Building] INFO  o.a.m.s.f.DefaultMavenResourcesFiltering - Copying 0 resource from src\main\resources to target\classes
2025-03-08 15:51:00,750 [Worker-9: Building] INFO  o.a.m.s.f.DefaultMavenResourcesFiltering - skip non existing resourceDirectory F:\JAVA-J2EE\Day24-ConfigServer\src\test\resources
2025-03-08 15:51:02,137 [Worker-9: Building] INFO  o.a.m.s.f.DefaultMavenResourcesFiltering - Copying 1 resource from src\main\resources to target\classes
2025-03-08 15:51:02,155 [Worker-9: Building] INFO  o.a.m.s.f.DefaultMavenResourcesFiltering - Copying 0 resource from src\main\resources to target\classes
2025-03-08 15:51:02,158 [Worker-9: Building] INFO  o.a.m.s.f.DefaultMavenResourcesFiltering - skip non existing resourceDirectory F:\JAVA-J2EE\Day24-ServerBank\src\test\resources
2025-03-08 15:51:03,533 [Worker-9: Building] INFO  o.a.m.s.f.DefaultMavenResourcesFiltering - Copying 1 resource from src\main\resources to target\classes
2025-03-08 15:51:03,549 [Worker-9: Building] INFO  o.a.m.s.f.DefaultMavenResourcesFiltering - Copying 0 resource from src\main\resources to target\classes
2025-03-08 15:51:03,552 [Worker-9: Building] INFO  o.a.m.s.f.DefaultMavenResourcesFiltering - skip non existing resourceDirectory F:\JAVA-J2EE\Day24-ServerCustomer\src\test\resources
2025-03-08 15:51:04,647 [Worker-9: Building] INFO  o.a.m.s.f.DefaultMavenResourcesFiltering - Copying 1 resource from src\main\resources to target\classes
2025-03-08 15:51:04,655 [Worker-9: Building] INFO  o.a.m.s.f.DefaultMavenResourcesFiltering - Copying 0 resource from src\main\resources to target\classes
2025-03-08 15:51:04,657 [Worker-9: Building] INFO  o.a.m.s.f.DefaultMavenResourcesFiltering - skip non existing resourceDirectory F:\JAVA-J2EE\Day24-ServerRegistry\src\test\resources
2025-03-08 15:51:05,871 [Worker-9: Building] INFO  o.a.m.s.f.DefaultMavenResourcesFiltering - Copying 2 resources from src\main\resources to target\classes
2025-03-08 15:51:05,885 [Worker-9: Building] INFO  o.a.m.s.f.DefaultMavenResourcesFiltering - Copying 0 resource from src\main\resources to target\classes
2025-03-08 15:51:05,890 [Worker-9: Building] INFO  o.a.m.s.f.DefaultMavenResourcesFiltering - skip non existing resourceDirectory F:\JAVA-J2EE\Day25-ZIPKIN-APIGateaway\src\test\resources
2025-03-08 15:51:07,037 [Worker-9: Building] INFO  o.a.m.s.f.DefaultMavenResourcesFiltering - Copying 1 resource from src\main\resources to target\classes
2025-03-08 15:51:07,055 [Worker-9: Building] INFO  o.a.m.s.f.DefaultMavenResourcesFiltering - Copying 0 resource from src\main\resources to target\classes
2025-03-08 15:51:07,058 [Worker-9: Building] INFO  o.a.m.s.f.DefaultMavenResourcesFiltering - skip non existing resourceDirectory F:\JAVA-J2EE\Day25-ZIPKIN-ConfigServer\src\test\resources
2025-03-08 15:51:08,515 [Worker-9: Building] INFO  o.a.m.s.f.DefaultMavenResourcesFiltering - Copying 1 resource from src\main\resources to target\classes
2025-03-08 15:51:08,535 [Worker-9: Building] INFO  o.a.m.s.f.DefaultMavenResourcesFiltering - Copying 0 resource from src\main\resources to target\classes
2025-03-08 15:51:08,539 [Worker-9: Building] INFO  o.a.m.s.f.DefaultMavenResourcesFiltering - skip non existing resourceDirectory F:\JAVA-J2EE\Day25-ZIPKIN-ServerBank\src\test\resources
2025-03-08 15:51:10,143 [Worker-9: Building] INFO  o.a.m.s.f.DefaultMavenResourcesFiltering - Copying 1 resource from src\main\resources to target\classes
2025-03-08 15:51:10,162 [Worker-9: Building] INFO  o.a.m.s.f.DefaultMavenResourcesFiltering - Copying 0 resource from src\main\resources to target\classes
2025-03-08 15:51:10,165 [Worker-9: Building] INFO  o.a.m.s.f.DefaultMavenResourcesFiltering - skip non existing resourceDirectory F:\JAVA-J2EE\Day25-ZIPKIN-ServerCustomer\src\test\resources
2025-03-08 15:51:11,835 [Worker-9: Building] INFO  o.a.m.s.f.DefaultMavenResourcesFiltering - Copying 1 resource from src\main\resources to target\classes
2025-03-08 15:51:11,837 [Worker-9: Building] INFO  o.a.m.s.f.DefaultMavenResourcesFiltering - Copying 0 resource from src\main\resources to target\classes
2025-03-08 15:51:11,839 [Worker-9: Building] INFO  o.a.m.s.f.DefaultMavenResourcesFiltering - skip non existing resourceDirectory F:\JAVA-J2EE\Day25-ZIPKIN-ServerRegistry\src\test\resources
2025-03-08 15:51:12,960 [Worker-9: Building] INFO  o.a.m.s.f.DefaultMavenResourcesFiltering - Copying 2 resources from src\main\resources to target\classes
2025-03-08 15:51:12,973 [Worker-9: Building] INFO  o.a.m.s.f.DefaultMavenResourcesFiltering - Copying 0 resource from src\main\resources to target\classes
2025-03-08 15:51:12,977 [Worker-9: Building] INFO  o.a.m.s.f.DefaultMavenResourcesFiltering - skip non existing resourceDirectory F:\JAVA-J2EE\Day26-Reactive-APIGateaway\src\test\resources
2025-03-08 15:51:14,230 [Worker-9: Building] INFO  o.a.m.s.f.DefaultMavenResourcesFiltering - Copying 1 resource from src\main\resources to target\classes
2025-03-08 15:51:14,247 [Worker-9: Building] INFO  o.a.m.s.f.DefaultMavenResourcesFiltering - Copying 0 resource from src\main\resources to target\classes
2025-03-08 15:51:14,250 [Worker-9: Building] INFO  o.a.m.s.f.DefaultMavenResourcesFiltering - skip non existing resourceDirectory F:\JAVA-J2EE\Day26-Reactive-ConfigServer\src\test\resources
2025-03-08 15:51:15,835 [Worker-9: Building] INFO  o.a.m.s.f.DefaultMavenResourcesFiltering - Copying 1 resource from src\main\resources to target\classes
2025-03-08 15:51:15,846 [Worker-9: Building] INFO  o.a.m.s.f.DefaultMavenResourcesFiltering - Copying 0 resource from src\main\resources to target\classes
2025-03-08 15:51:15,849 [Worker-9: Building] INFO  o.a.m.s.f.DefaultMavenResourcesFiltering - skip non existing resourceDirectory F:\JAVA-J2EE\Day26-Reactive-ServerBank\src\test\resources
2025-03-08 15:51:17,543 [Worker-9: Building] INFO  o.a.m.s.f.DefaultMavenResourcesFiltering - Copying 1 resource from src\main\resources to target\classes
2025-03-08 15:51:17,595 [Worker-9: Building] INFO  o.a.m.s.f.DefaultMavenResourcesFiltering - Copying 0 resource from src\main\resources to target\classes
2025-03-08 15:51:17,598 [Worker-9: Building] INFO  o.a.m.s.f.DefaultMavenResourcesFiltering - skip non existing resourceDirectory F:\JAVA-J2EE\Day26-Reactive-ServerCustomer\src\test\resources
2025-03-08 15:51:18,970 [Worker-9: Building] INFO  o.a.m.s.f.DefaultMavenResourcesFiltering - Copying 1 resource from src\main\resources to target\classes
2025-03-08 15:51:18,973 [Worker-9: Building] INFO  o.a.m.s.f.DefaultMavenResourcesFiltering - Copying 0 resource from src\main\resources to target\classes
2025-03-08 15:51:18,975 [Worker-9: Building] INFO  o.a.m.s.f.DefaultMavenResourcesFiltering - skip non existing resourceDirectory F:\JAVA-J2EE\Day26-Reactive-ServerRegistry\src\test\resources
2025-03-08 15:51:20,112 [Worker-9: Building] INFO  o.a.m.s.f.DefaultMavenResourcesFiltering - Copying 2 resources from src\main\resources to target\classes
2025-03-08 15:51:20,142 [Worker-9: Building] INFO  o.a.m.s.f.DefaultMavenResourcesFiltering - Copying 0 resource from src\main\resources to target\classes
2025-03-08 15:51:20,146 [Worker-9: Building] INFO  o.a.m.s.f.DefaultMavenResourcesFiltering - skip non existing resourceDirectory F:\JAVA-J2EE\Day27-Circuitbreaker-APIGateaway\src\test\resources
2025-03-08 15:51:21,265 [Worker-9: Building] INFO  o.a.m.s.f.DefaultMavenResourcesFiltering - Copying 1 resource from src\main\resources to target\classes
2025-03-08 15:51:21,285 [Worker-9: Building] INFO  o.a.m.s.f.DefaultMavenResourcesFiltering - Copying 0 resource from src\main\resources to target\classes
2025-03-08 15:51:21,288 [Worker-9: Building] INFO  o.a.m.s.f.DefaultMavenResourcesFiltering - skip non existing resourceDirectory F:\JAVA-J2EE\Day27-Circuitbreaker-ConfigServer\src\test\resources
2025-03-08 15:51:22,248 [Worker-9: Building] INFO  o.a.m.s.f.DefaultMavenResourcesFiltering - Copying 1 resource from src\main\resources to target\classes
2025-03-08 15:51:22,259 [Worker-9: Building] INFO  o.a.m.s.f.DefaultMavenResourcesFiltering - Copying 0 resource from src\main\resources to target\classes
2025-03-08 15:51:22,261 [Worker-9: Building] INFO  o.a.m.s.f.DefaultMavenResourcesFiltering - skip non existing resourceDirectory F:\JAVA-J2EE\Day27-Circuitbreaker-ServerRegistry\src\test\resources
2025-03-08 15:51:23,619 [Worker-9: Building] INFO  o.a.m.s.f.DefaultMavenResourcesFiltering - Copying 1 resource from src\main\resources to target\classes
2025-03-08 15:51:23,637 [Worker-9: Building] INFO  o.a.m.s.f.DefaultMavenResourcesFiltering - Copying 0 resource from src\main\resources to target\classes
2025-03-08 15:51:23,641 [Worker-9: Building] INFO  o.a.m.s.f.DefaultMavenResourcesFiltering - skip non existing resourceDirectory F:\JAVA-J2EE\Day27-Circuitbreaker-WebClientBank\src\test\resources
2025-03-08 15:51:25,053 [Worker-9: Building] INFO  o.a.m.s.f.DefaultMavenResourcesFiltering - Copying 1 resource from src\main\resources to target\classes
2025-03-08 15:51:25,070 [Worker-9: Building] INFO  o.a.m.s.f.DefaultMavenResourcesFiltering - Copying 0 resource from src\main\resources to target\classes
2025-03-08 15:51:25,073 [Worker-9: Building] INFO  o.a.m.s.f.DefaultMavenResourcesFiltering - skip non existing resourceDirectory F:\JAVA-J2EE\Day27-Circuitbreaker-WebClientCustomer\src\test\resources
2025-03-08 15:51:26,436 [Worker-9: Building] INFO  o.a.m.s.f.DefaultMavenResourcesFiltering - Copying 1 resource from src\main\resources to target\classes
2025-03-08 15:51:26,455 [Worker-9: Building] INFO  o.a.m.s.f.DefaultMavenResourcesFiltering - Copying 0 resource from src\main\resources to target\classes
2025-03-08 15:51:26,457 [Worker-9: Building] INFO  o.a.m.s.f.DefaultMavenResourcesFiltering - skip non existing resourceDirectory F:\JAVA-J2EE\Day27-Circuitbreaker-WebClientVendor\src\test\resources
2025-03-08 15:51:27,603 [Worker-9: Building] INFO  o.a.m.s.f.DefaultMavenResourcesFiltering - Copying 2 resources from src\main\resources to target\classes
2025-03-08 15:51:27,651 [Worker-9: Building] INFO  o.a.m.s.f.DefaultMavenResourcesFiltering - Copying 1 resource from src\main\resources to target\classes
2025-03-08 15:51:27,655 [Worker-9: Building] INFO  o.a.m.s.f.DefaultMavenResourcesFiltering - skip non existing resourceDirectory F:\JAVA-J2EE\Day27-Docker-APIGateaway\src\test\resources
2025-03-08 15:51:28,754 [Worker-9: Building] INFO  o.a.m.s.f.DefaultMavenResourcesFiltering - Copying 1 resource from src\main\resources to target\classes
2025-03-08 15:51:28,770 [Worker-9: Building] INFO  o.a.m.s.f.DefaultMavenResourcesFiltering - Copying 1 resource from src\main\resources to target\classes
2025-03-08 15:51:28,774 [Worker-9: Building] INFO  o.a.m.s.f.DefaultMavenResourcesFiltering - skip non existing resourceDirectory F:\JAVA-J2EE\Day27-Docker-ConfigServer\src\test\resources
2025-03-08 15:51:29,937 [Worker-9: Building] INFO  o.a.m.s.f.DefaultMavenResourcesFiltering - Copying 1 resource from src\main\resources to target\classes
2025-03-08 15:51:29,945 [Worker-9: Building] INFO  o.a.m.s.f.DefaultMavenResourcesFiltering - Copying 1 resource from src\main\resources to target\classes
2025-03-08 15:51:29,966 [Worker-9: Building] INFO  o.a.m.s.f.DefaultMavenResourcesFiltering - skip non existing resourceDirectory F:\JAVA-J2EE\Day27-Docker-ServerRegistry\src\test\resources
2025-03-08 15:51:31,418 [Worker-9: Building] INFO  o.a.m.s.f.DefaultMavenResourcesFiltering - Copying 1 resource from src\main\resources to target\classes
2025-03-08 15:51:31,428 [Worker-9: Building] INFO  o.a.m.s.f.DefaultMavenResourcesFiltering - Copying 2 resources from src\main\resources to target\classes
2025-03-08 15:51:31,433 [Worker-9: Building] INFO  o.a.m.s.f.DefaultMavenResourcesFiltering - skip non existing resourceDirectory F:\JAVA-J2EE\Day27-Docker-WebClientBank\src\test\resources
2025-03-08 15:51:32,938 [Worker-9: Building] INFO  o.a.m.s.f.DefaultMavenResourcesFiltering - Copying 1 resource from src\main\resources to target\classes
2025-03-08 15:51:33,000 [Worker-9: Building] INFO  o.a.m.s.f.DefaultMavenResourcesFiltering - Copying 1 resource from src\main\resources to target\classes
2025-03-08 15:51:33,003 [Worker-9: Building] INFO  o.a.m.s.f.DefaultMavenResourcesFiltering - skip non existing resourceDirectory F:\JAVA-J2EE\Day27-Docker-WebClientCustomer\src\test\resources
2025-03-08 15:51:34,531 [Worker-9: Building] INFO  o.a.m.s.f.DefaultMavenResourcesFiltering - Copying 1 resource from src\main\resources to target\classes
2025-03-08 15:51:34,559 [Worker-9: Building] INFO  o.a.m.s.f.DefaultMavenResourcesFiltering - Copying 1 resource from src\main\resources to target\classes
2025-03-08 15:51:34,562 [Worker-9: Building] INFO  o.a.m.s.f.DefaultMavenResourcesFiltering - skip non existing resourceDirectory F:\JAVA-J2EE\Day27-Docker-WebClientVendor\src\test\resources
2025-03-08 15:53:03,667 [Worker-7: Building] INFO  o.e.m.c.i.l.LifecycleMappingFactory - Using org.eclipse.m2e.jdt.JarLifecycleMapping lifecycle mapping for MavenProject: com.gfg:spring-cloud-gateway:0.0.1-SNAPSHOT @ F:\JAVA-J2EE\Day29-Jenkins-APIGateaway\pom.xml.
2025-03-08 15:53:05,109 [Worker-7: Building] INFO  o.a.m.s.f.DefaultMavenResourcesFiltering - Copying 2 resources from src\main\resources to target\classes
2025-03-08 15:53:05,124 [Worker-7: Building] INFO  o.a.m.s.f.DefaultMavenResourcesFiltering - Copying 0 resource from src\main\resources to target\classes
2025-03-08 15:53:05,127 [Worker-7: Building] INFO  o.a.m.s.f.DefaultMavenResourcesFiltering - skip non existing resourceDirectory F:\JAVA-J2EE\Day29-Jenkins-APIGateaway\src\test\resources
2025-03-08 15:53:05,803 [Worker-1: Building] INFO  o.a.m.s.f.DefaultMavenResourcesFiltering - Copying 2 resources from src\main\resources to target\classes
2025-03-08 15:53:05,808 [Worker-1: Building] INFO  o.a.m.s.f.DefaultMavenResourcesFiltering - Copying 0 resource from src\main\resources to target\classes
2025-03-08 15:53:05,811 [Worker-1: Building] INFO  o.a.m.s.f.DefaultMavenResourcesFiltering - skip non existing resourceDirectory F:\JAVA-J2EE\Day29-Jenkins-APIGateaway\src\test\resources
2025-03-08 15:53:31,404 [Worker-7: Building] INFO  o.e.m.c.i.l.LifecycleMappingFactory - Using org.eclipse.m2e.jdt.JarLifecycleMapping lifecycle mapping for MavenProject: com.wipro:ConfigServerDemo:0.0.1-SNAPSHOT @ F:\JAVA-J2EE\Day29-Jenkins-ConfigServer\pom.xml.
2025-03-08 15:53:32,726 [Worker-7: Building] INFO  o.a.m.s.f.DefaultMavenResourcesFiltering - Copying 1 resource from src\main\resources to target\classes
2025-03-08 15:53:32,738 [Worker-7: Building] INFO  o.a.m.s.f.DefaultMavenResourcesFiltering - Copying 0 resource from src\main\resources to target\classes
2025-03-08 15:53:32,742 [Worker-7: Building] INFO  o.a.m.s.f.DefaultMavenResourcesFiltering - skip non existing resourceDirectory F:\JAVA-J2EE\Day29-Jenkins-ConfigServer\src\test\resources
2025-03-08 15:53:33,989 [Worker-22: Building] INFO  o.a.m.s.f.DefaultMavenResourcesFiltering - Copying 1 resource from src\main\resources to target\classes
2025-03-08 15:53:33,990 [Worker-22: Building] INFO  o.a.m.s.f.DefaultMavenResourcesFiltering - Copying 0 resource from src\main\resources to target\classes
2025-03-08 15:53:33,992 [Worker-22: Building] INFO  o.a.m.s.f.DefaultMavenResourcesFiltering - skip non existing resourceDirectory F:\JAVA-J2EE\Day29-Jenkins-ConfigServer\src\test\resources
2025-03-08 15:53:43,085 [Worker-28: Building] INFO  o.e.m.c.i.l.LifecycleMappingFactory - Using org.eclipse.m2e.jdt.JarLifecycleMapping lifecycle mapping for MavenProject: com.wipro:eureka-server:0.0.1-SNAPSHOT @ F:\JAVA-J2EE\Day29-Jenkins-ServerRegistry\pom.xml.
2025-03-08 15:53:44,384 [Worker-28: Building] INFO  o.a.m.s.f.DefaultMavenResourcesFiltering - Copying 1 resource from src\main\resources to target\classes
2025-03-08 15:53:44,386 [Worker-28: Building] INFO  o.a.m.s.f.DefaultMavenResourcesFiltering - Copying 0 resource from src\main\resources to target\classes
2025-03-08 15:53:44,387 [Worker-28: Building] INFO  o.a.m.s.f.DefaultMavenResourcesFiltering - skip non existing resourceDirectory F:\JAVA-J2EE\Day29-Jenkins-ServerRegistry\src\test\resources
2025-03-08 15:53:44,844 [Worker-16: Building] INFO  o.a.m.s.f.DefaultMavenResourcesFiltering - Copying 1 resource from src\main\resources to target\classes
2025-03-08 15:53:44,845 [Worker-16: Building] INFO  o.a.m.s.f.DefaultMavenResourcesFiltering - Copying 0 resource from src\main\resources to target\classes
2025-03-08 15:53:44,846 [Worker-16: Building] INFO  o.a.m.s.f.DefaultMavenResourcesFiltering - skip non existing resourceDirectory F:\JAVA-J2EE\Day29-Jenkins-ServerRegistry\src\test\resources
2025-03-08 15:53:52,514 [Worker-13: Building] INFO  o.e.m.c.i.l.LifecycleMappingFactory - Using org.eclipse.m2e.jdt.JarLifecycleMapping lifecycle mapping for MavenProject: com.wipro:Day27-WebClientBank-Circuitbreaker:0.0.1-SNAPSHOT @ F:\JAVA-J2EE\Day29-Jenkins-WebClientBank\pom.xml.
2025-03-08 15:53:54,295 [Worker-13: Building] INFO  o.a.m.s.f.DefaultMavenResourcesFiltering - Copying 1 resource from src\main\resources to target\classes
2025-03-08 15:53:54,304 [Worker-13: Building] INFO  o.a.m.s.f.DefaultMavenResourcesFiltering - Copying 0 resource from src\main\resources to target\classes
2025-03-08 15:53:54,307 [Worker-13: Building] INFO  o.a.m.s.f.DefaultMavenResourcesFiltering - skip non existing resourceDirectory F:\JAVA-J2EE\Day29-Jenkins-WebClientBank\src\test\resources
2025-03-08 15:53:55,002 [Worker-24: Building] INFO  o.a.m.s.f.DefaultMavenResourcesFiltering - Copying 1 resource from src\main\resources to target\classes
2025-03-08 15:53:55,004 [Worker-24: Building] INFO  o.a.m.s.f.DefaultMavenResourcesFiltering - Copying 0 resource from src\main\resources to target\classes
2025-03-08 15:53:55,006 [Worker-24: Building] INFO  o.a.m.s.f.DefaultMavenResourcesFiltering - skip non existing resourceDirectory F:\JAVA-J2EE\Day29-Jenkins-WebClientBank\src\test\resources
2025-03-08 15:54:01,362 [Worker-30: Building] INFO  o.e.m.c.i.l.LifecycleMappingFactory - Using org.eclipse.m2e.jdt.JarLifecycleMapping lifecycle mapping for MavenProject: com.wipro.customer:Day27-WebClientCustomerAPI-Circuitbreaker:0.0.1-SNAPSHOT @ F:\JAVA-J2EE\Day29-Jenkins-WebClientCustomer\pom.xml.
2025-03-08 15:54:03,263 [Worker-30: Building] INFO  o.a.m.s.f.DefaultMavenResourcesFiltering - Copying 1 resource from src\main\resources to target\classes
2025-03-08 15:54:03,274 [Worker-30: Building] INFO  o.a.m.s.f.DefaultMavenResourcesFiltering - Copying 0 resource from src\main\resources to target\classes
2025-03-08 15:54:03,277 [Worker-30: Building] INFO  o.a.m.s.f.DefaultMavenResourcesFiltering - skip non existing resourceDirectory F:\JAVA-J2EE\Day29-Jenkins-WebClientCustomer\src\test\resources
2025-03-08 15:54:04,097 [Worker-10: Building] INFO  o.a.m.s.f.DefaultMavenResourcesFiltering - Copying 1 resource from src\main\resources to target\classes
2025-03-08 15:54:04,098 [Worker-10: Building] INFO  o.a.m.s.f.DefaultMavenResourcesFiltering - Copying 0 resource from src\main\resources to target\classes
2025-03-08 15:54:04,100 [Worker-10: Building] INFO  o.a.m.s.f.DefaultMavenResourcesFiltering - skip non existing resourceDirectory F:\JAVA-J2EE\Day29-Jenkins-WebClientCustomer\src\test\resources
2025-03-08 15:54:10,550 [Worker-18: Building] INFO  o.e.m.c.i.l.LifecycleMappingFactory - Using org.eclipse.m2e.jdt.JarLifecycleMapping lifecycle mapping for MavenProject: com.wipro.customer:Day27-WebClientCustomerAPI-Circuitbreaker:0.0.1-SNAPSHOT @ F:\JAVA-J2EE\Day29-Jenkins-WebClientVendor\pom.xml.
2025-03-08 15:54:12,331 [Worker-18: Building] INFO  o.a.m.s.f.DefaultMavenResourcesFiltering - Copying 1 resource from src\main\resources to target\classes
2025-03-08 15:54:12,341 [Worker-18: Building] INFO  o.a.m.s.f.DefaultMavenResourcesFiltering - Copying 0 resource from src\main\resources to target\classes
2025-03-08 15:54:12,344 [Worker-18: Building] INFO  o.a.m.s.f.DefaultMavenResourcesFiltering - skip non existing resourceDirectory F:\JAVA-J2EE\Day29-Jenkins-WebClientVendor\src\test\resources
2025-03-08 15:54:12,857 [Worker-10: Building] INFO  o.a.m.s.f.DefaultMavenResourcesFiltering - Copying 1 resource from src\main\resources to target\classes
2025-03-08 15:54:12,858 [Worker-10: Building] INFO  o.a.m.s.f.DefaultMavenResourcesFiltering - Copying 0 resource from src\main\resources to target\classes
2025-03-08 15:54:12,860 [Worker-10: Building] INFO  o.a.m.s.f.DefaultMavenResourcesFiltering - skip non existing resourceDirectory F:\JAVA-J2EE\Day29-Jenkins-WebClientVendor\src\test\resources
